,,,,,,,,Performance,Performance,Performance,Performance,Performance,Performance,Performance,Performance,Performance,Performance,Performance,Performance,Performance,Aerial Duels,Aerial Duels,Aerial Duels,
Rk,Player,Nation,Pos,Squad,Age,Born,90s,CrdY,CrdR,2CrdY,Fls,Fld,Off,Crs,Int,TklW,PKwon,PKcon,OG,Recov,Won,Lost,Won%,Matches
1,Patrick van Aanholt\Patrick-van-Aanholt,nl NED,DF,Crystal Palace,28,1990,27.9,0,0,0,9,8,2,88,46,32,0,0,1,243,12,17,41.4,Matches
2,Max Aarons\Max-Aarons,eng ENG,DF,Norwich City,19,2000,36.0,7,0,0,29,49,3,72,35,36,1,0,0,281,23,42,35.4,Matches
3,Tammy Abraham\Tammy-Abraham,eng ENG,FW,Chelsea,21,1997,24.6,2,0,0,17,24,23,10,5,10,1,0,1,95,67,111,37.6,Matches
4,Che Adams\Che-Adams,eng ENG,FW,Southampton,23,1996,12.3,0,0,0,17,16,10,14,2,6,1,0,0,73,29,86,25.2,Matches
5,Adrián\Adrian,es ESP,GK,Liverpool,32,1987,9.7,1,0,0,0,1,0,0,0,0,0,0,0,47,0,0,,Matches
6,Sergio Agüero\Sergio-Aguero,ar ARG,FW,Manchester City,31,1988,16.1,1,0,0,9,9,6,10,3,5,2,0,0,61,2,14,12.5,Matches
7,Albian Ajeti\Albian-Ajeti,ch SUI,MFFW,West Ham,22,1997,1.5,0,0,0,6,0,2,0,1,0,0,0,0,4,1,9,10.0,Matches
8,Nathan Aké\Nathan-Ake,nl NED,DF,Bournemouth,24,1995,27.8,2,0,0,9,13,3,4,33,11,0,0,0,247,64,58,52.5,Matches
9,Marc Albrighton\Marc-Albrighton,eng ENG,MFDF,Leicester City,29,1989,9.6,2,0,0,8,11,1,68,8,11,0,1,0,90,2,5,28.6,Matches
10,Toby Alderweireld\Toby-Alderweireld,be BEL,DF,Tottenham,30,1989,32.9,7,0,0,18,4,1,8,26,24,0,0,1,322,76,54,58.5,Matches
11,Trent Alexander-Arnold\Trent-Alexander-Arnold,eng ENG,DF,Liverpool,20,1998,35.3,5,0,0,22,9,3,377,46,25,0,0,0,352,14,32,30.4,Matches
12,Alisson\Alisson,br BRA,GK,Liverpool,26,1992,28.3,0,1,0,1,1,0,0,1,0,0,0,0,153,0,0,,Matches
13,Dele Alli\Dele-Alli,eng ENG,MFFW,Tottenham,23,1996,20.5,2,0,0,12,33,6,7,14,29,0,0,0,157,17,32,34.7,Matches
14,Miguel Almirón\Miguel-Almiron,py PAR,MFFW,Newcastle Utd,25,1994,33.6,5,0,0,30,58,24,42,30,36,0,0,0,228,9,37,19.6,Matches
15,Marcos Alonso\Marcos-Alonso,es ESP,DF,Chelsea,28,1990,15.9,4,0,0,16,15,2,67,20,19,1,0,0,183,42,31,57.5,Matches
16,Steven Alzate\Steven-Alzate,co COL,MFDF,Brighton,20,1998,13.2,1,0,0,17,18,3,9,13,23,0,0,0,137,14,11,56.0,Matches
17,Ibrahim Amadou\Ibrahim-Amadou,fr FRA,DFMF,Norwich City,26,1993,8.4,1,0,0,8,2,0,1,17,7,0,1,0,75,15,14,51.7,Matches
18,Felipe Anderson\Felipe-Anderson,br BRA,MFFW,West Ham,26,1993,16.6,1,0,0,17,23,2,36,21,30,0,0,0,135,4,24,14.3,Matches
19,Florin Andone\Florin-Andone,ro ROU,MFFW,Brighton,26,1993,0.8,0,1,0,2,3,0,0,0,2,0,0,0,7,2,3,40.0,Matches
20,Angeliño\Angelino,es ESP,DF,Manchester City,22,1997,4.7,1,0,0,2,2,0,42,9,5,0,0,0,49,8,8,50.0,Matches
21,Faustino Anjorin\Faustino-Anjorin,eng ENG,FW,Chelsea,17,2001,0.2,0,0,0,0,1,0,0,0,0,0,0,0,1,0,0,,Matches
22,Michail Antonio\Michail-Antonio,eng ENG,FW,West Ham,29,1990,19.6,3,0,0,40,35,12,49,9,10,0,0,0,95,76,116,39.6,Matches
23,Stuart Armstrong\Stuart-Armstrong,sco SCO,MF,Southampton,27,1992,19.1,4,0,0,26,20,4,23,10,25,0,0,0,168,10,29,25.6,Matches
24,Kepa Arrizabalaga\Kepa-Arrizabalaga,es ESP,GK,Chelsea,24,1994,33.0,0,0,0,0,5,0,0,1,0,0,0,0,138,0,0,,Matches
25,Christian Atsu\Christian-Atsu,gh GHA,FWMF,Newcastle Utd,27,1992,8.3,2,0,0,11,10,4,17,2,9,0,0,0,50,7,12,36.8,Matches
26,Pierre-Emerick Aubameyang\Pierre-Emerick-Aubameyang,ga GAB,FW,Arsenal,30,1989,34.8,3,1,0,14,20,20,86,11,24,0,0,0,125,37,59,38.5,Matches
27,Serge Aurier\Serge-Aurier,ci CIV,DF,Tottenham,26,1992,30.0,4,1,1,40,22,6,134,43,55,0,2,1,320,67,67,50.0,Matches
28,Jordan Ayew\Jordan-Ayew,gh GHA,FWMF,Crystal Palace,27,1991,35.0,6,0,0,59,105,9,25,13,29,0,0,0,212,59,175,25.2,Matches
29,César Azpilicueta\Cesar-Azpilicueta,es ESP,DF,Chelsea,29,1989,35.9,1,0,0,41,15,3,118,66,61,0,0,0,380,94,60,61.0,Matches
30,Eric Bailly\Eric-Bailly,ci CIV,DF,Manchester Utd,25,1994,1.7,0,0,0,2,0,0,0,3,0,0,1,0,22,6,1,85.7,Matches
31,Leighton Baines\Leighton-Baines,eng ENG,DF,Everton,34,1984,4.5,0,0,0,1,4,0,27,5,6,0,0,0,29,6,6,50.0,Matches
32,Fabián Balbuena\Fabian-Balbuena,py PAR,DF,West Ham,27,1991,13.1,2,0,0,6,2,0,1,26,11,0,0,0,142,46,28,62.2,Matches
33,George Baldock\George-Baldock,eng ENG,DF,Sheffield Utd,26,1993,38.0,7,0,0,47,44,11,128,37,45,1,0,0,303,37,55,40.2,Matches
34,Phil Bardsley\Phil-Bardsley,sco SCO,DF,Burnley,34,1985,21.0,6,0,0,36,14,0,30,29,33,0,0,0,197,33,26,55.9,Matches
35,Ross Barkley\Ross-Barkley,eng ENG,MF,Chelsea,25,1993,12.3,0,0,0,9,15,0,12,8,11,0,0,0,97,10,15,40.0,Matches
36,Ashley Barnes\Ashley-Barnes,at AUT,FW,Burnley,29,1989,15.0,4,0,0,35,40,13,5,6,4,1,0,0,65,42,86,32.8,Matches
37,Harvey Barnes\Harvey-Barnes,eng ENG,MFFW,Leicester City,21,1997,23.1,0,0,0,21,29,4,42,5,12,1,0,0,118,25,39,39.1,Matches
38,Chris Basham\Chris-Basham,eng ENG,DF,Sheffield Utd,31,1988,36.0,4,0,0,26,31,5,50,73,50,0,1,0,412,105,65,61.8,Matches
39,Borja Bastón\Borja-Baston,es ESP,MFFW,Aston Villa,26,1992,0.2,0,0,0,0,0,0,0,0,0,0,0,0,2,1,3,25.0,Matches
40,Michy Batshuayi\Michy-Batshuayi,be BEL,FW,Chelsea,25,1993,2.7,0,0,0,4,4,7,0,0,1,0,0,0,17,6,15,28.6,Matches
41,Jan Bednarek\Jan-Bednarek,pl POL,DF,Southampton,23,1996,34.0,4,0,0,33,12,0,1,74,38,0,1,1,401,132,54,71.0,Matches
42,Héctor Bellerín\Hector-Bellerin,es ESP,DF,Arsenal,24,1995,12.9,2,0,0,15,3,1,26,18,16,0,0,0,100,13,17,43.3,Matches
43,Ryan Bennett\Ryan-Bennett,eng ENG,DF,Wolves,29,1990,6.7,2,0,0,4,1,0,4,9,3,0,0,0,66,22,11,66.7,Matches
44,Ryan Bennett\Ryan-Bennett,eng ENG,DF,Leicester City,29,1990,3.7,0,0,0,3,0,0,2,7,2,0,0,0,43,10,11,47.6,Matches
45,Nabil Bentaleb\Nabil-Bentaleb,dz ALG,MF,Newcastle Utd,24,1994,8.3,2,0,0,19,5,0,0,19,23,0,0,0,109,15,10,60.0,Matches
46,Christian Benteke\Christian-Benteke,be BEL,FW,Crystal Palace,28,1990,14.0,4,1,0,25,20,12,5,4,5,0,0,0,55,118,101,53.9,Matches
47,Jóhann Berg Guðmundsson\Johann-Berg-Gudmundsson,is ISL,MF,Burnley,28,1990,6.9,0,0,0,8,4,1,35,7,3,0,0,0,45,9,14,39.1,Matches
48,Sander Berge\Sander-Berge,no NOR,MF,Sheffield Utd,21,1998,10.5,0,0,0,18,5,1,23,10,17,0,0,0,94,30,16,65.2,Matches
49,Steven Bergwijn\Steven-Bergwijn,nl NED,FWMF,Tottenham,21,1997,7.8,2,0,0,7,10,0,10,3,4,1,0,0,71,6,8,42.9,Matches
50,Bernard\Bernard,br BRA,MFFW,Everton,26,1992,14.2,2,0,0,19,10,0,36,16,14,0,0,0,115,1,15,6.3,Matches
51,Bernardo\Bernardo,br BRA,DF,Brighton,24,1995,7.5,1,0,0,3,2,4,17,7,16,0,0,0,71,28,9,75.7,Matches
52,Ryan Bertrand\Ryan-Bertrand,eng ENG,DF,Southampton,29,1989,30.5,3,1,0,27,32,1,117,31,28,0,0,0,274,65,54,54.6,Matches
53,Muhamed Bešić\Muhamed-Besic,ba BIH,MF,Sheffield Utd,26,1992,2.8,2,0,0,6,2,0,1,2,6,0,0,0,28,5,5,50.0,Matches
54,Philip Billing\Philip-Billing,dk DEN,MF,Bournemouth,23,1996,28.1,8,0,0,38,23,2,15,71,46,0,0,0,321,107,66,61.8,Matches
55,Yves Bissouma\Yves-Bissouma,ml MLI,MF,Brighton,22,1996,14.0,4,0,0,31,15,0,6,22,36,0,0,0,157,17,11,60.7,Matches
56,Willy Boly\Willy-Boly,fr FRA,DF,Wolves,28,1991,22.0,3,1,1,24,8,1,2,39,40,0,0,0,218,73,27,73.0,Matches
57,Gaëtan Bong\Gaetan-Bong,cm CMR,MFDF,Brighton,31,1988,0.7,0,0,0,0,1,0,5,0,0,0,0,0,4,0,3,0.0,Matches
58,Sofiane Boufal\Sofiane-Boufal,ma MAR,MFFW,Southampton,25,1993,8.5,2,0,0,25,20,2,27,3,12,0,1,0,69,8,11,42.1,Matches
59,Jarrod Bowen\Jarrod-Bowen,eng ENG,FW,West Ham,22,1996,10.2,0,0,0,4,20,1,59,13,13,0,0,0,68,4,23,14.8,Matches
60,Robbie Brady\Robbie-Brady,ie IRL,MF,Burnley,27,1992,5.0,1,0,0,8,4,1,12,5,5,0,0,0,44,15,5,75.0,Matches
61,Jarrad Branthwaite\Jarrad-Branthwaite,eng ENG,DF,Everton,17,2002,3.3,0,0,0,3,3,0,0,1,7,0,0,0,24,8,11,42.1,Matches
62,Claudio Bravo\Claudio-Bravo,cl CHI,GK,Manchester City,36,1983,3.9,0,0,0,0,0,0,0,0,0,0,0,0,11,0,0,,Matches
63,Armando Broja\Armando-Broja,al ALB,FW,Chelsea,17,2001,0.1,0,0,0,0,1,0,0,0,0,0,0,0,0,0,1,0.0,Matches
64,David Brooks\David-Brooks,wal WAL,MF,Bournemouth,22,1997,5.6,1,0,0,4,6,0,24,3,3,0,0,0,26,0,6,0.0,Matches
65,Josh Brownhill\Josh-Brownhill,eng ENG,MF,Burnley,23,1995,8.9,2,0,0,6,9,0,2,13,8,0,0,0,104,20,15,57.1,Matches
66,Emi Buendía\Emi-Buendia,ar ARG,FWMF,Norwich City,22,1996,27.4,6,1,0,36,54,2,166,22,58,0,0,0,232,23,54,29.9,Matches
67,Dan Burn\Dan-Burn,eng ENG,DF,Brighton,27,1992,32.0,5,0,0,32,13,3,52,37,36,0,0,0,308,137,52,72.5,Matches
68,Sam Byram\Sam-Byram,eng ENG,DF,Norwich City,25,1993,14.4,4,0,0,16,8,1,7,24,23,0,0,0,152,42,30,58.3,Matches
69,Willy Caballero\Willy-Caballero,ar ARG,GK,Chelsea,37,1981,5.0,0,0,0,0,0,0,0,0,0,0,0,0,17,0,0,,Matches
70,Gary Cahill\Gary-Cahill,eng ENG,DF,Crystal Palace,33,1985,24.1,1,0,0,14,12,0,0,18,12,0,0,0,219,78,45,63.4,Matches
71,Dominic Calvert-Lewin\Dominic-Calvert-Lewin,eng ENG,FW,Everton,22,1997,29.2,9,0,0,57,44,13,19,6,11,0,0,0,102,170,196,46.4,Matches
72,Víctor Camarasa\Victor-Camarasa,es ESP,MF,Crystal Palace,25,1994,0.1,0,0,0,0,0,0,0,0,0,0,0,0,0,0,0,,Matches
73,João Cancelo\Joao-Cancelo,pt POR,DF,Manchester City,25,1994,13.4,4,0,0,17,8,0,47,22,26,0,0,0,152,22,20,52.4,Matches
74,Todd Cantwell\Todd-Cantwell,eng ENG,FWMF,Norwich City,21,1998,27.7,6,0,0,33,66,3,25,16,29,0,1,0,179,16,42,27.6,Matches
75,Étienne Capoue\Etienne-Capoue,fr FRA,MF,Watford,31,1988,29.2,8,0,0,58,39,0,23,62,54,0,1,0,403,46,13,78.0,Matches
76,Andy Carroll\Andy-Carroll,eng ENG,FW,Newcastle Utd,30,1989,7.0,1,0,0,17,15,6,5,1,1,0,0,0,43,78,61,56.1,Matches
77,Jonny Castro\Jonny-Castro,es ESP,DF,Wolves,25,1994,32.1,4,0,0,34,29,2,52,52,61,0,0,0,237,37,54,40.7,Matches
78,Craig Cathcart\Craig-Cathcart,nir NIR,DF,Watford,30,1989,27.6,7,0,0,13,2,0,1,22,26,0,0,0,260,75,45,62.5,Matches
79,Dani Ceballos\Dani-Ceballos,es ESP,MF,Arsenal,22,1996,18.8,1,0,0,19,35,0,72,30,28,0,0,0,190,11,22,33.3,Matches
80,Nathaniel Chalobah\Nathaniel-Chalobah,eng ENG,MF,Watford,24,1994,10.3,1,0,0,7,8,0,21,16,19,0,0,0,115,17,14,54.8,Matches
81,Calum Chambers\Calum-Chambers,eng ENG,DF,Arsenal,24,1995,12.2,5,0,0,18,4,0,34,15,18,0,1,0,123,37,27,57.8,Matches
82,Ben Chilwell\Ben-Chilwell,eng ENG,DF,Leicester City,22,1996,26.4,3,0,0,28,30,1,104,28,26,0,0,0,241,62,22,73.8,Matches
83,Tahith Chong\Tahith-Chong,nl NED,FWMF,Manchester Utd,19,1999,0.4,0,0,0,2,1,0,0,0,0,0,0,0,2,0,2,0.0,Matches
84,Hamza Choudhury\Hamza-Choudhury,eng ENG,MF,Leicester City,21,1997,9.9,4,1,1,12,7,0,4,27,13,0,0,0,104,11,8,57.9,Matches
85,Andreas Christensen\Andreas-Christensen,dk DEN,DF,Chelsea,23,1996,19.5,5,0,0,17,10,0,0,31,20,0,0,0,173,68,40,63.0,Matches
86,Ciaran Clark\Ciaran-Clark,ie IRL,DF,Newcastle Utd,29,1989,13.2,3,0,0,9,7,0,0,13,12,0,0,0,100,31,31,50.0,Matches
87,Leon Clarke\Leon-Clarke,eng ENG,FWMF,Sheffield Utd,34,1985,0.4,0,0,0,0,0,0,0,0,0,0,0,0,0,2,1,66.7,Matches
88,Tom Cleverley\Tom-Cleverley,eng ENG,MF,Watford,29,1989,10.8,2,0,0,16,10,0,28,9,17,0,0,0,93,8,14,36.4,Matches
89,Conor Coady\Conor-Coady,eng ENG,DF,Wolves,26,1993,38.0,5,0,0,16,7,0,0,27,22,0,1,0,387,42,24,63.6,Matches
90,Séamus Coleman\Seamus-Coleman,ie IRL,DF,Everton,30,1988,20.4,5,1,1,19,19,1,42,24,31,0,0,0,211,30,23,56.6,Matches
91,Aaron Connolly\Aaron-Connolly,ie IRL,FW,Brighton,19,2000,14.0,0,0,0,16,38,14,9,0,8,2,0,0,54,14,48,22.6,Matches
92,Lewis Cook\Lewis-Cook,eng ENG,MF,Bournemouth,22,1997,15.0,5,0,0,23,11,0,9,21,16,0,0,0,168,14,16,46.7,Matches
93,Steve Cook\Steve-Cook,eng ENG,DF,Bournemouth,28,1991,27.0,6,1,0,17,15,1,2,45,13,0,1,0,286,108,61,63.9,Matches
94,Jack Cork\Jack-Cork,eng ENG,MF,Burnley,30,1989,29.0,1,0,0,32,25,1,6,29,27,0,0,0,339,53,64,45.3,Matches
95,Aaron Cresswell\Aaron-Cresswell,eng ENG,DF,West Ham,29,1989,30.3,7,0,0,16,18,2,127,35,29,0,0,0,295,51,34,60.0,Matches
96,Patrick Cutrone\Patrick-Cutrone,it ITA,FW,Wolves,21,1998,3.3,0,0,0,5,9,4,6,2,4,0,0,0,25,5,21,19.2,Matches
97,Diogo Dalot\Diogo-Dalot,pt POR,DF,Manchester Utd,20,1999,0.7,0,0,0,1,0,0,3,2,2,0,0,0,8,4,0,100.0,Matches
98,Charlie Daniels\Charlie-Daniels,eng ENG,DF,Bournemouth,32,1986,1.4,0,0,0,0,0,0,5,1,0,0,0,0,9,2,1,66.7,Matches
99,Scott Dann\Scott-Dann,eng ENG,DF,Crystal Palace,32,1987,14.1,0,0,0,5,0,0,2,14,5,0,0,0,154,36,32,52.9,Matches
100,Kevin Danso\Kevin-Danso,at AUT,DF,Southampton,20,1998,3.1,2,1,1,4,2,0,4,3,4,0,0,0,28,11,10,52.4,Matches
101,Ben Davies\Ben-Davies,wal WAL,DF,Tottenham,26,1993,15.9,6,0,0,27,8,1,30,24,13,0,0,0,163,42,22,65.6,Matches
102,Tom Davies\Tom-Davies,eng ENG,MF,Everton,21,1998,22.5,8,0,0,29,40,1,8,34,18,0,0,0,252,34,31,52.3,Matches
103,Keinan Davis\Keinan-Davis,eng ENG,FW,Aston Villa,21,1998,6.1,0,0,0,12,11,3,1,0,2,0,0,0,27,23,39,37.1,Matches
104,Craig Dawson\Craig-Dawson,eng ENG,DF,Watford,29,1990,26.2,6,0,0,31,12,0,4,34,19,0,1,0,254,107,36,74.8,Matches
105,Kevin De Bruyne\Kevin-De-Bruyne,be BEL,MF,Manchester City,28,1991,31.0,3,0,0,26,28,3,304,19,28,0,0,0,232,18,22,45.0,Matches
106,Troy Deeney\Troy-Deeney,eng ENG,FW,Watford,31,1988,24.7,3,0,0,37,37,12,10,11,17,1,0,0,119,173,290,37.4,Matches
107,Fabian Delph\Fabian-Delph,eng ENG,MF,Everton,29,1989,13.2,5,1,1,18,7,0,8,16,11,0,0,0,175,12,10,54.5,Matches
108,Leander Dendoncker\Leander-Dendoncker,be BEL,MFDF,Wolves,24,1995,31.1,5,0,0,30,9,0,8,38,40,0,1,1,302,90,70,56.3,Matches
109,Gerard Deulofeu\Gerard-Deulofeu,es ESP,FW,Watford,25,1994,23.3,3,0,0,27,22,18,91,24,21,1,0,0,164,3,15,16.7,Matches
110,Eric Dier\Eric-Dier,eng ENG,DFMF,Tottenham,25,1994,14.9,5,0,0,19,4,1,3,19,14,0,1,0,170,79,36,68.7,Matches
111,Lucas Digne\Lucas-Digne,fr FRA,DF,Everton,26,1993,33.7,6,0,0,45,28,3,270,46,39,0,1,1,363,112,53,67.9,Matches
112,Virgil van Dijk\Virgil-van-Dijk,nl NED,DF,Liverpool,28,1991,38.0,1,0,0,16,25,1,0,35,20,0,0,0,505,183,43,81.0,Matches
113,Issa Diop\Issa-Diop,fr FRA,DF,West Ham,22,1997,30.7,8,0,0,31,11,1,1,46,16,0,3,0,306,84,39,68.3,Matches
114,Moussa Djenepo\Moussa-Djenepo,ml MLI,MFDF,Southampton,21,1998,10.3,4,1,0,23,30,3,23,10,18,0,0,0,55,5,14,26.3,Matches
115,Matt Doherty\Matt-Doherty,ie IRL,DF,Wolves,27,1992,31.5,1,0,0,28,19,3,44,38,33,1,1,0,255,107,92,53.8,Matches
116,Abdoulaye Doucouré\Abdoulaye-Doucoure,fr FRA,MF,Watford,26,1993,35.1,9,0,0,51,15,6,26,32,49,0,1,1,441,53,54,49.5,Matches
117,Thomas Doyle\Thomas-Doyle,eng ENG,MFFW,Manchester City,17,2001,0.2,0,0,0,0,1,0,0,0,0,0,0,0,1,0,0,,Matches
118,Danny Drinkwater\Danny-Drinkwater,eng ENG,MF,Burnley,29,1990,0.6,0,0,0,1,0,0,0,1,2,0,0,0,8,0,1,0.0,Matches
119,Danny Drinkwater\Danny-Drinkwater,eng ENG,MF,Aston Villa,29,1990,2.9,1,0,0,7,1,0,1,5,5,0,0,0,46,2,2,50.0,Matches
120,Josip Drmić\Josip-Drmic,ch SUI,FWMF,Norwich City,26,1992,7.2,0,1,0,6,4,7,3,1,3,0,0,0,49,12,40,23.1,Matches
121,Martin Dúbravka\Martin-Dubravka,sk SVK,GK,Newcastle Utd,30,1989,38.0,0,0,0,0,4,0,0,1,0,0,0,0,170,0,0,,Matches
122,Ondrej Duda\Ondrej-Duda,sk SVK,MF,Norwich City,24,1994,8.0,0,0,0,9,13,2,43,6,15,0,0,0,66,8,20,28.6,Matches
123,Shane Duffy\Shane-Duffy,ie IRL,DF,Brighton,27,1992,13.8,2,0,0,14,10,0,1,21,9,0,0,0,136,63,17,78.8,Matches
124,Paul Dummett\Paul-Dummett,wal WAL,DF,Newcastle Utd,27,1991,13.6,2,0,0,4,6,0,15,19,6,0,0,1,121,35,23,60.3,Matches
125,Lewis Dunk\Lewis-Dunk,eng ENG,DF,Brighton,27,1991,35.9,9,0,0,19,19,1,1,54,28,0,0,0,410,84,44,65.6,Matches
126,Ederson\Ederson,br BRA,GK,Manchester City,25,1993,34.1,3,1,0,2,2,0,0,2,1,0,0,0,155,0,0,,Matches
127,John Egan\John-Egan,ie IRL,DF,Sheffield Utd,26,1992,35.4,5,1,1,33,20,1,2,56,27,0,1,0,370,140,57,71.1,Matches
128,Harvey Elliot\Harvey-Elliot,eng ENG,DF,Liverpool,16,2003,0.1,0,0,0,0,0,0,3,0,0,0,0,0,1,0,0,,Matches
129,Ahmed Elmohamady\Ahmed-Elmohamady,eg EGY,DF,Aston Villa,31,1987,11.5,1,0,0,13,5,2,58,13,17,0,0,0,114,25,20,55.6,Matches
130,Björn Engels\Bjorn-Engels,be BEL,DF,Aston Villa,24,1994,16.1,1,0,0,5,5,1,2,29,4,0,2,0,128,58,28,67.4,Matches
131,Christian Eriksen\Christian-Eriksen,dk DEN,MFFW,Tottenham,27,1992,12.2,5,0,0,9,6,2,72,11,12,0,0,0,138,3,9,25.0,Matches
132,Jonny Evans\Jonny-Evans,nir NIR,DF,Leicester City,31,1988,37.6,8,1,0,36,27,2,8,58,31,1,1,1,434,141,59,70.5,Matches
133,Łukasz Fabiański\Lukasz-Fabianski,pl POL,GK,West Ham,34,1985,23.5,1,0,0,1,2,0,0,1,0,0,1,0,120,0,0,,Matches
134,Fabinho\Fabinho,br BRA,MF,Liverpool,25,1993,23.1,6,0,0,32,20,0,9,35,53,0,0,0,326,41,30,57.7,Matches
135,Ralf Fährmann\Ralf-Fahrmann,de GER,GK,Norwich City,30,1988,0.2,0,0,0,0,0,0,0,0,0,0,0,0,2,0,0,,Matches
136,Akin Famewo\Akin-Famewo,eng ENG,MF,Norwich City,20,1998,0.0,0,0,0,0,0,0,0,0,0,0,0,0,0,0,0,,Matches
137,Kiko Femenía\Kiko-Femenia,es ESP,DF,Watford,28,1991,24.9,5,0,0,26,12,1,68,37,32,1,0,0,274,21,10,67.7,Matches
138,Bruno Fernandes\Bruno-Fernandes,pt POR,MF,Manchester Utd,24,1994,13.2,2,0,0,9,14,2,75,9,14,2,0,0,91,2,10,16.7,Matches
139,Gedson Fernandes\Gedson-Fernandes,pt POR,MFDF,Tottenham,20,1999,0.8,0,0,0,0,2,0,6,1,1,0,0,0,9,0,1,0.0,Matches
140,Federico Fernández\Federico-Fernandez,ar ARG,DF,Newcastle Utd,30,1989,29.1,8,0,0,17,20,2,27,22,32,0,0,1,250,67,50,57.3,Matches
141,Fernandinho\Fernandinho,br BRA,DF,Manchester City,34,1985,26.6,9,2,1,26,17,1,5,25,25,0,0,1,310,74,36,67.3,Matches
142,Roberto Firmino\Roberto-Firmino,br BRA,FW,Liverpool,27,1991,33.2,0,0,0,29,16,6,8,8,26,0,0,0,191,29,74,28.2,Matches
143,John Fleck\John-Fleck,sco SCO,MF,Sheffield Utd,27,1991,28.0,8,0,0,25,22,1,147,24,24,0,0,0,250,12,25,32.4,Matches
144,Phil Foden\Phil-Foden,eng ENG,FWMF,Manchester City,19,2000,10.0,0,0,0,12,13,1,28,7,9,0,0,0,61,8,17,32.0,Matches
145,Pablo Fornals\Pablo-Fornals,es ESP,MFFW,West Ham,23,1996,24.1,3,0,0,18,16,7,62,24,29,0,0,0,187,9,49,15.5,Matches
146,Ben Foster\Ben-Foster,eng ENG,GK,Watford,36,1983,38.0,1,0,0,2,3,0,0,1,0,0,2,0,225,1,0,100.0,Matches
147,Timothy Fosu-Mensah\Timothy-Fosu-Mensah,nl NED,DF,Manchester Utd,21,1998,1.5,1,0,0,5,0,1,2,5,1,0,0,0,9,1,2,33.3,Matches
148,Dimitri Foulquier\Dimitri-Foulquier,fr FRA,MFDF,Watford,26,1993,0.7,0,0,0,0,0,0,1,2,1,0,0,0,4,0,2,0.0,Matches
149,Juan Foyth\Juan-Foyth,ar ARG,DF,Tottenham,21,1998,0.8,1,0,0,2,1,0,0,2,4,0,0,0,11,1,0,100.0,Matches
150,Simon Francis\Simon-Francis,eng ENG,DF,Bournemouth,34,1985,10.8,5,1,1,7,1,0,16,20,12,0,0,0,118,48,28,63.2,Matches
151,Ryan Fraser\Ryan-Fraser,sco SCO,MFFW,Bournemouth,25,1994,23.0,2,0,0,10,36,1,173,16,8,0,0,0,139,10,26,27.8,Matches
152,Fred\Fred,br BRA,MF,Manchester Utd,26,1993,24.0,8,0,0,42,36,1,63,38,51,0,0,0,326,8,16,33.3,Matches
153,Ryan Fredericks\Ryan-Fredericks,eng ENG,DF,West Ham,26,1992,24.9,7,0,0,25,21,0,58,26,48,0,0,0,200,28,39,41.8,Matches
154,Kieron Freeman\Kieron-Freeman,wal WAL,FW,Sheffield Utd,27,1992,0.1,0,0,0,1,0,0,0,0,0,0,0,0,1,0,2,0.0,Matches
155,Luke Freeman\Luke-Freeman,eng ENG,MF,Sheffield Utd,27,1992,4.1,2,0,0,6,5,0,15,9,4,0,0,0,36,5,4,55.6,Matches
156,Christian Fuchs\Christian-Fuchs,at AUT,DF,Leicester City,33,1986,8.6,0,0,0,3,0,1,16,16,9,0,0,0,79,22,17,56.4,Matches
157,Eric García\Eric-Garcia,es ESP,DF,Manchester City,18,2001,8.8,1,0,0,9,2,0,1,18,4,0,0,0,65,10,12,45.5,Matches
158,James Garner\James-Garner,eng ENG,MF,Manchester Utd,18,2001,0.1,0,0,0,0,1,0,0,0,0,0,0,0,2,0,0,,Matches
159,Dwight Gayle\Dwight-Gayle,eng ENG,FW,Newcastle Utd,28,1990,9.4,2,0,0,6,13,2,3,2,10,0,0,0,25,23,46,33.3,Matches
160,Paulo Gazzaniga\Paulo-Gazzaniga,ar ARG,GK,Tottenham,27,1992,17.9,1,0,0,1,2,0,0,0,0,0,1,0,80,0,0,,Matches
161,Jean-Philippe Gbamin\Jean-Philippe-Gbamin,ci CIV,MF,Everton,23,1995,1.5,0,0,0,2,2,0,0,1,4,0,0,0,15,2,2,50.0,Matches
162,David de Gea\David-de-Gea,es ESP,GK,Manchester Utd,28,1990,38.0,2,0,0,0,6,0,0,0,0,0,0,0,145,0,0,,Matches
163,Anwar El Ghazi\Anwar-El-Ghazi,nl NED,FWMF,Aston Villa,24,1995,22.8,3,0,0,20,18,12,106,12,10,0,0,0,122,31,52,37.3,Matches
164,Morgan Gibbs-White\Morgan-Gibbs-White,eng ENG,MFFW,Wolves,19,2000,1.4,0,0,0,2,1,0,3,1,1,0,0,0,13,3,3,50.0,Matches
165,Billy Gilmour\Billy-Gilmour,sco SCO,MF,Chelsea,18,2001,2.2,0,0,0,3,1,0,1,3,4,0,0,0,31,3,5,37.5,Matches
166,Olivier Giroud\Olivier-Giroud,fr FRA,FW,Chelsea,32,1986,11.0,1,0,0,17,9,9,2,2,3,0,0,0,47,44,41,51.8,Matches
167,Ben Godfrey\Ben-Godfrey,eng ENG,DF,Norwich City,21,1998,29.4,3,1,0,14,9,0,3,26,22,0,1,1,275,72,37,66.1,Matches
168,André Gomes\Andre-Gomes,pt POR,MF,Everton,26,1993,16.2,6,0,0,38,19,0,12,7,24,0,1,0,171,13,15,46.4,Matches
169,Angel Gomes\Angel-Gomes,eng ENG,MF,Manchester Utd,18,2000,0.2,0,0,0,1,0,0,0,0,0,0,0,0,0,0,0,,Matches
170,Joe Gomez\Joe-Gomez,eng ENG,DF,Liverpool,22,1997,22.3,7,0,0,21,13,0,9,41,15,0,1,0,351,72,44,62.1,Matches
171,Anthony Gordon\Anthony-Gordon,eng ENG,MFFW,Everton,18,2001,4.9,0,0,0,9,12,1,8,8,6,0,0,0,23,0,7,0.0,Matches
172,Dan Gosling\Dan-Gosling,eng ENG,MF,Bournemouth,29,1990,14.0,3,0,0,21,17,2,3,20,20,0,0,0,130,22,30,42.3,Matches
173,Andre Gray\Andre-Gray,eng ENG,FW,Watford,28,1991,8.4,1,0,0,10,1,6,5,1,5,0,0,0,38,14,33,29.8,Matches
174,Demarai Gray\Demarai-Gray,eng ENG,MFFW,Leicester City,23,1996,6.9,1,0,0,2,10,3,31,5,5,1,0,0,63,3,7,30.0,Matches
175,Jack Grealish\Jack-Grealish,eng ENG,FWMF,Aston Villa,23,1995,35.9,8,0,0,36,167,4,140,25,28,0,0,0,254,17,35,32.7,Matches
176,Mason Greenwood\Mason-Greenwood,eng ENG,FW,Manchester Utd,17,2001,14.7,0,0,0,12,8,3,10,8,13,0,0,0,70,6,14,30.0,Matches
177,Arnaut Groeneveld\Arnaut-Groeneveld,nl NED,MF,Bournemouth,22,1997,7.0,0,0,0,0,5,5,9,8,5,0,0,0,36,3,10,23.1,Matches
178,Pascal Groß\Pascal-Gross,de GER,FWMF,Brighton,28,1991,20.0,4,0,0,25,12,8,146,9,21,0,0,1,123,15,33,31.3,Matches
179,Vicente Guaita\Vicente-Guaita,es ESP,GK,Crystal Palace,32,1987,35.0,1,0,0,0,3,0,0,0,0,0,0,1,164,0,1,0.0,Matches
180,Mattéo Guendouzi\Matteo-Guendouzi,fr FRA,MF,Arsenal,20,1999,19.4,6,0,0,17,49,0,6,30,13,1,0,0,192,11,18,37.9,Matches
181,Frederic Guilbert\Frederic-Guilbert,fr FRA,DF,Aston Villa,24,1994,22.7,7,0,0,36,21,2,91,48,38,0,0,0,220,42,60,41.2,Matches
182,İlkay Gündoğan\Ilkay-Gundogan,de GER,MF,Manchester City,28,1990,22.4,7,0,0,16,14,2,30,30,19,0,1,0,219,17,7,70.8,Matches
183,Angus Gunn\Angus-Gunn,eng ENG,GK,Southampton,23,1996,10.0,0,0,0,0,2,0,0,0,0,0,0,0,38,0,0,,Matches
184,Sébastien Haller\Sebastien-Haller,fr FRA,FW,West Ham,25,1994,25.2,1,0,0,46,38,18,8,8,17,1,0,0,121,200,195,50.6,Matches
185,Grant Hanley\Grant-Hanley,sco SCO,DF,Norwich City,27,1991,14.0,4,0,0,12,20,0,0,30,17,0,0,1,107,44,16,73.3,Matches
186,Kortney Hause\Kortney-Hause,eng ENG,DF,Aston Villa,24,1995,17.2,3,0,0,24,9,1,0,20,22,0,0,0,245,102,37,73.4,Matches
187,Isaac Hayden\Isaac-Hayden,eng ENG,MF,Newcastle Utd,24,1995,24.7,4,1,0,26,21,2,38,36,37,0,0,0,257,47,35,57.3,Matches
188,Tom Heaton\Tom-Heaton,eng ENG,GK,Aston Villa,33,1986,19.9,0,0,0,1,2,0,0,0,0,0,1,1,84,1,0,100.0,Matches
189,Dean Henderson\Dean-Henderson,eng ENG,GK,Sheffield Utd,22,1997,36.0,2,0,0,0,2,0,0,0,0,0,0,0,199,1,0,100.0,Matches
190,Jordan Henderson\Jordan-Henderson,eng ENG,MF,Liverpool,29,1990,24.9,2,0,0,31,12,0,58,29,36,0,0,0,322,25,10,71.4,Matches
191,Jeff Hendrick\Jeff-Hendrick,ie IRL,MF,Burnley,27,1992,21.5,8,0,0,17,16,4,31,19,10,0,0,0,175,21,24,46.7,Matches
192,Wayne Hennessey\Wayne-Hennessey,wal WAL,GK,Crystal Palace,32,1987,3.0,0,0,0,0,0,0,0,1,0,0,0,0,7,0,0,,Matches
193,Javier Hernández\Javier-Hernandez,mx MEX,FW,West Ham,31,1988,1.2,0,0,0,0,0,1,1,0,0,0,0,0,5,0,1,0.0,Matches
194,Onel Hernández\Onel-Hernandez,cu CUB,FWMF,Norwich City,26,1993,15.4,0,0,0,14,18,8,24,19,27,0,0,0,90,3,23,11.5,Matches
195,Son Heung-min\Son-Heung-min,kr KOR,FWMF,Tottenham,27,1992,27.5,0,2,0,17,27,17,77,19,21,1,0,0,183,8,34,19.0,Matches
196,George Hirst\George-Hirst,eng ENG,FW,Leicester City,20,1999,0.1,0,0,0,0,2,0,0,0,0,0,0,0,2,4,1,80.0,Matches
197,Rob Holding\Rob-Holding,eng ENG,DF,Arsenal,23,1995,6.5,1,0,0,4,3,0,0,5,3,0,0,0,37,16,14,53.3,Matches
198,José Holebas\Jose-Holebas,gr GRE,DF,Watford,35,1984,11.4,5,0,0,18,6,0,70,2,12,0,1,0,89,35,18,66.0,Matches
199,Mason Holgate\Mason-Holgate,eng ENG,DF,Everton,22,1996,22.8,5,0,0,17,25,1,2,32,28,0,0,0,207,42,31,57.5,Matches
200,Nathan Holland\Nathan-Holland,eng ENG,MF,West Ham,21,1998,0.4,0,0,0,0,1,0,2,0,0,0,0,0,0,0,1,0.0,Matches
201,Conor Hourihane\Conor-Hourihane,ie IRL,MF,Aston Villa,28,1991,17.0,4,0,0,14,21,4,112,12,14,1,0,0,127,11,10,52.4,Matches
202,Callum Hudson-Odoi\Callum-Hudson-Odoi,eng ENG,FW,Chelsea,18,2000,9.6,1,0,0,11,13,3,63,2,5,0,0,0,60,3,14,17.6,Matches
203,Will Hughes\Will-Hughes,eng ENG,MFFW,Watford,24,1995,25.0,9,0,0,53,46,1,69,35,49,0,2,0,267,25,28,47.2,Matches
204,Pierre Højbjerg\Pierre-Hojbjerg,dk DEN,MF,Southampton,23,1995,30.6,5,0,0,46,38,1,28,45,57,0,1,0,510,51,42,54.8,Matches
205,Jordon Ibe\Jordon-Ibe,eng ENG,DF,Bournemouth,23,1995,0.6,0,0,0,0,2,0,3,0,3,0,0,0,7,0,0,,Matches
206,Adam Idah\Adam-Idah,ie IRL,FWMF,Norwich City,18,2001,2.5,0,0,0,2,4,1,0,0,4,0,0,0,12,4,9,30.8,Matches
207,Odion Ighalo\Odion-Ighalo,ng NGA,FW,Manchester Utd,30,1989,1.1,0,0,0,1,1,1,0,0,2,0,0,0,5,0,1,0.0,Matches
208,Kelechi Iheanacho\Kelechi-Iheanacho,ng NGA,FW,Leicester City,22,1996,10.7,1,0,0,24,13,9,2,4,5,2,0,0,42,3,29,9.4,Matches
209,Danny Ings\Danny-Ings,eng ENG,FW,Southampton,27,1992,31.2,3,0,0,37,25,12,29,12,32,2,0,0,188,40,117,25.5,Matches
210,Alex Iwobi\Alex-Iwobi,ng NGA,MFFW,Everton,23,1996,17.7,0,0,0,12,4,0,48,13,14,0,0,0,145,7,15,31.8,Matches
211,Phil Jagielka\Phil-Jagielka,eng ENG,DF,Sheffield Utd,36,1982,2.7,0,0,0,1,4,0,1,4,4,0,0,0,28,11,4,73.3,Matches
212,Alireza Jahanbakhsh\Alireza-Jahanbakhsh,ir IRN,FWMF,Brighton,25,1993,3.5,0,0,0,2,7,1,24,1,3,0,0,0,32,0,5,0.0,Matches
213,Daniel James\Daniel-James,wal WAL,FW,Manchester Utd,21,1997,25.4,4,0,0,14,55,2,96,8,15,1,0,0,153,8,26,23.5,Matches
214,Matty James\Matty-James,eng ENG,MF,Leicester City,28,1991,0.1,0,0,0,0,0,0,0,0,0,0,0,0,0,0,0,,Matches
215,Reece James\Reece-James,eng ENG,DF,Chelsea,19,1999,16.8,1,0,0,22,21,1,110,23,23,0,0,0,164,35,42,45.5,Matches
216,Daryl Janmaat\Daryl-Janmaat,nl NED,DF,Watford,30,1989,6.7,1,0,0,5,1,0,23,6,6,0,0,1,45,1,1,50.0,Matches
217,Gabriel Jesus\Gabriel-Jesus,br BRA,FW,Manchester City,22,1997,22.6,3,0,0,26,29,18,6,14,19,0,0,0,119,35,64,35.4,Matches
218,Raúl Jiménez\Raul-Jimenez,mx MEX,FW,Wolves,28,1991,36.0,3,0,0,40,35,19,23,14,23,2,0,0,166,76,115,39.8,Matches
219,Joelinton\Joelinton,br BRA,FW,Newcastle Utd,22,1996,29.8,7,0,0,32,39,20,5,11,19,0,0,0,180,146,226,39.2,Matches
220,Ben Johnson\Ben-Johnson,eng ENG,DF,West Ham,19,2000,3.0,0,0,0,8,1,0,11,3,4,0,0,0,25,8,5,61.5,Matches
221,Curtis Jones\Curtis-Jones,eng ENG,MF,Liverpool,18,2001,1.4,0,0,0,3,0,0,0,2,2,0,0,0,20,2,3,40.0,Matches
222,Phil Jones\Phil-Jones,eng ENG,DF,Manchester Utd,27,1992,1.5,0,0,0,3,1,0,1,4,2,0,0,0,19,12,5,70.6,Matches
223,Bruno Jordão\Bruno-Jordao,pt POR,FW,Wolves,20,1998,0.1,0,0,0,0,0,0,0,0,0,0,0,0,2,0,0,,Matches
224,Jorginho\Jorginho,it ITA,MF,Chelsea,27,1991,26.4,10,0,0,27,30,0,9,64,44,0,1,0,401,13,37,26.0,Matches
225,Jota\Jota,es ESP,FWMF,Aston Villa,28,1991,3.7,0,0,0,6,2,0,2,3,2,0,0,0,24,1,5,16.7,Matches
226,Diogo Jota\Diogo-Jota,pt POR,FWMF,Wolves,22,1996,25.4,4,0,0,41,60,3,33,8,21,0,0,0,178,27,48,36.0,Matches
227,James Justin\James-Justin,eng ENG,DF,Leicester City,21,1998,11.2,1,0,0,8,20,1,38,9,19,0,1,1,127,16,26,38.1,Matches
228,Christian Kabasele\Christian-Kabasele,be BEL,DF,Watford,28,1991,25.0,3,2,1,22,14,0,0,37,24,0,0,0,200,60,45,57.1,Matches
229,Harry Kane\Harry-Kane,eng ENG,FW,Tottenham,26,1993,28.7,4,0,0,37,44,20,21,5,14,1,0,0,92,64,123,34.2,Matches
230,N'Golo Kanté\NGolo-Kante,fr FRA,MF,Chelsea,28,1991,19.2,4,0,0,45,9,0,26,46,43,0,0,0,282,17,34,33.3,Matches
231,Moise Kean\Moise-Kean,it ITA,FW,Everton,19,2000,9.5,1,0,0,27,11,4,12,6,6,0,0,0,40,7,31,18.4,Matches
232,Michael Keane\Michael-Keane,eng ENG,DF,Everton,26,1993,28.4,3,0,0,21,8,0,0,46,26,0,1,1,297,133,77,63.3,Matches
233,Naby Keïta\Naby-Keita,gn GUI,MF,Liverpool,24,1995,9.1,1,0,0,9,10,1,7,11,20,0,0,0,99,8,7,53.3,Matches
234,Lloyd Kelly\Lloyd-Kelly,eng ENG,DF,Bournemouth,20,1998,7.1,2,0,0,7,2,0,6,6,6,0,0,0,70,9,16,36.0,Matches
235,Martin Kelly\Martin-Kelly,eng ENG,DF,Crystal Palace,29,1990,17.2,0,0,0,9,0,0,20,15,18,0,0,0,115,33,24,57.9,Matches
236,Max Kilman\Max-Kilman,eng ENG,DF,Wolves,22,1997,2.1,0,0,0,2,0,0,0,4,3,0,0,0,14,11,10,52.4,Matches
237,Joshua King\Joshua-King,no NOR,FWMF,Bournemouth,27,1992,22.3,0,0,0,37,27,7,23,5,15,0,0,0,130,39,67,36.8,Matches
238,Timm Klose\Timm-Klose,ch SUI,DF,Norwich City,31,1988,6.5,0,0,0,8,7,0,0,8,4,0,0,0,78,17,15,53.1,Matches
239,Jonathan Kodjia\Jonathan-Kodjia,ci CIV,FWMF,Aston Villa,29,1989,1.3,1,0,0,1,2,0,0,0,0,0,0,0,5,5,4,55.6,Matches
240,Sead Kolašinac\Sead-Kolasinac,ba BIH,DF,Arsenal,26,1993,18.9,4,0,0,20,16,5,29,24,18,0,0,0,193,24,18,57.1,Matches
241,Ezri Konsa\Ezri-Konsa,eng ENG,DF,Aston Villa,21,1998,22.7,3,0,0,17,32,1,13,21,18,0,1,0,205,48,45,51.6,Matches
242,Cheikhou Kouyaté\Cheikhou-Kouyate,sn SEN,MFDF,Crystal Palace,29,1989,28.1,4,0,0,35,28,2,15,38,45,0,0,0,256,83,62,57.2,Matches
243,Mateo Kovačić\Mateo-Kovacic,hr CRO,MF,Chelsea,25,1994,23.0,8,0,0,20,38,0,8,20,55,0,0,0,244,8,19,29.6,Matches
244,Emil Krafth\Emil-Krafth,se SWE,DF,Newcastle Utd,24,1994,11.3,0,0,0,4,7,0,20,9,12,0,0,0,84,10,8,55.6,Matches
245,Tim Krul\Tim-Krul,nl NED,GK,Norwich City,31,1988,36.0,4,0,0,1,6,0,0,1,0,0,1,1,160,0,0,,Matches
246,Alexandre Lacazette\Alexandre-Lacazette,fr FRA,FW,Arsenal,28,1991,20.8,8,0,0,43,45,13,15,7,19,1,0,0,102,22,64,25.6,Matches
247,Adam Lallana\Adam-Lallana,eng ENG,MFFW,Liverpool,31,1988,4.2,1,0,0,7,8,1,3,4,12,0,0,0,51,7,11,38.9,Matches
248,Érik Lamela\Erik-Lamela,ar ARG,MFFW,Tottenham,27,1992,13.5,3,0,0,30,26,1,49,7,21,1,0,0,92,5,19,20.8,Matches
249,Tariq Lamptey\Tariq-Lamptey,eng ENG,DF,Brighton,18,2000,6.5,2,0,0,13,17,0,22,18,3,0,0,0,57,4,8,33.3,Matches
250,Tariq Lamptey\Tariq-Lamptey,eng ENG,DF,Chelsea,18,2000,0.4,0,0,0,0,1,0,2,0,0,0,0,0,6,0,0,,Matches
251,Henri Lansbury\Henri-Lansbury,eng ENG,MF,Aston Villa,28,1990,2.2,0,0,0,4,1,0,1,0,2,0,0,0,26,2,6,25.0,Matches
252,Manuel Lanzini\Manuel-Lanzini,ar ARG,MFFW,West Ham,26,1993,15.3,1,0,0,6,26,4,42,9,9,1,0,0,126,6,14,30.0,Matches
253,Aymeric Laporte\Aymeric-Laporte,fr FRA,DF,Manchester City,25,1994,12.2,1,0,0,9,9,0,0,19,8,0,0,0,136,28,14,66.7,Matches
254,Jamaal Lascelles\Jamaal-Lascelles,eng ENG,DF,Newcastle Utd,25,1993,23.1,5,0,0,22,18,2,0,29,10,0,0,0,260,83,38,68.6,Matches
255,Valentino Lazaro\Valentino-Lazaro,at AUT,DFMF,Newcastle Utd,23,1996,5.3,0,1,0,3,2,0,13,3,2,0,0,0,39,4,9,30.8,Matches
256,Moritz Leitner\Moritz-Leitner,de GER,MF,Norwich City,26,1992,7.6,1,0,0,9,11,0,5,8,9,0,0,0,77,5,6,45.5,Matches
257,Florian Lejeune\Florian-Lejeune,fr FRA,DF,Newcastle Utd,28,1991,4.9,0,0,0,6,4,0,2,11,6,0,0,0,64,13,4,76.5,Matches
258,Aaron Lennon\Aaron-Lennon,eng ENG,MF,Burnley,32,1987,5.5,4,0,0,11,7,0,8,7,9,0,0,0,30,3,8,27.3,Matches
259,Bernd Leno\Bernd-Leno,de GER,GK,Arsenal,27,1992,29.4,2,0,0,0,4,0,0,0,0,0,0,0,150,0,0,,Matches
260,Jefferson Lerma\Jefferson-Lerma,co COL,MF,Bournemouth,24,1994,30.0,13,1,1,42,37,1,6,54,49,0,0,0,452,53,36,59.6,Matches
261,Jamal Lewis\Jamal-Lewis,nir NIR,DF,Norwich City,21,1998,25.6,4,0,0,15,23,2,44,28,31,0,0,0,206,12,25,32.4,Matches
262,Victor Lindelöf\Victor-Lindelof,se SWE,DF,Manchester Utd,25,1994,34.4,6,0,0,22,6,0,2,26,16,0,0,1,406,95,49,66.0,Matches
263,Jesse Lingard\Jesse-Lingard,eng ENG,MFFW,Manchester Utd,26,1992,10.4,3,0,0,28,11,0,7,2,9,0,0,0,52,1,10,9.1,Matches
264,Hugo Lloris\Hugo-Lloris,fr FRA,GK,Tottenham,32,1986,20.1,0,0,0,0,1,0,0,1,0,0,0,0,93,0,0,,Matches
265,Giovani Lo Celso\Giovani-Lo-Celso,ar ARG,MFFW,Tottenham,23,1996,16.6,6,0,0,28,45,0,56,12,33,0,0,0,167,7,24,22.6,Matches
266,Jürgen Locadia\Jurgen-Locadia,nl NED,MFFW,Brighton,25,1993,1.0,0,0,0,0,2,0,1,0,1,0,0,0,8,1,2,33.3,Matches
267,Ruben Loftus-Cheek\Ruben-Loftus-Cheek,eng ENG,MFFW,Chelsea,23,1996,2.3,0,0,0,2,3,0,1,1,0,0,0,0,23,1,4,20.0,Matches
268,Kevin Long\Kevin-Long,ie IRL,DF,Burnley,28,1990,6.3,0,0,0,9,6,0,0,4,8,0,0,0,64,22,16,57.9,Matches
269,Shane Long\Shane-Long,ie IRL,FW,Southampton,32,1987,15.5,0,0,0,32,25,12,20,3,15,0,0,0,81,114,128,47.1,Matches
270,Matthew Longstaff\Matthew-Longstaff,eng ENG,MF,Newcastle Utd,19,2000,6.4,1,0,0,6,6,0,2,6,3,0,0,0,57,4,3,57.1,Matches
271,Sean Longstaff\Sean-Longstaff,eng ENG,MF,Newcastle Utd,21,1997,15.3,2,1,0,17,26,0,30,21,21,0,0,0,170,12,20,37.5,Matches
272,Dejan Lovren\Dejan-Lovren,hr CRO,DF,Liverpool,30,1989,8.6,1,0,0,4,8,0,1,11,9,0,0,0,107,39,21,65.0,Matches
273,Matthew Lowton\Matthew-Lowton,eng ENG,DF,Burnley,30,1989,17.0,2,0,0,14,11,0,43,26,24,0,1,0,135,24,14,63.2,Matches
274,David Luiz\David-Luiz,br BRA,DF,Arsenal,32,1987,31.2,5,2,0,30,14,1,5,30,20,0,3,0,210,58,34,63.0,Matches
275,Douglas Luiz\Douglas-Luiz,br BRA,MF,Aston Villa,21,1998,29.0,8,0,0,51,36,0,24,36,33,0,1,0,320,32,33,49.2,Matches
276,John Lundstram\John-Lundstram,eng ENG,MF,Sheffield Utd,25,1994,27.3,5,0,0,28,12,7,55,33,33,0,0,0,235,26,35,42.6,Matches
277,Alexis Mac Allister\Alexis-Mac-Allister,ar ARG,MFFW,Brighton,20,1998,3.9,0,0,0,4,4,1,23,1,4,0,0,0,31,4,4,50.0,Matches
278,James Maddison\James-Maddison,eng ENG,MF,Leicester City,22,1996,29.2,4,0,0,36,88,4,220,10,39,0,0,0,218,6,29,17.1,Matches
279,Harry Maguire\Harry-Maguire,eng ENG,DF,Manchester Utd,26,1993,38.0,6,0,0,33,22,6,2,75,27,0,0,0,435,193,68,73.9,Matches
280,Riyad Mahrez\Riyad-Mahrez,dz ALG,FW,Manchester City,28,1991,21.6,0,0,0,13,29,13,88,19,21,5,0,0,140,10,23,30.3,Matches
281,Ainsley Maitland-Niles\Ainsley-Maitland-Niles,eng ENG,DF,Arsenal,21,1997,15.4,6,1,1,15,13,0,17,29,27,0,0,0,131,14,13,51.9,Matches
282,Sadio Mané\Sadio-Mane,sn SEN,FW,Liverpool,27,1992,30.5,3,0,0,46,51,14,49,14,35,2,0,0,169,35,79,30.7,Matches
283,Javier Manquillo\Javier-Manquillo,es ESP,DF,Newcastle Utd,25,1994,17.8,5,0,0,19,11,1,45,20,32,0,1,0,119,18,22,45.0,Matches
284,Solly March\Solly-March,eng ENG,DFFW,Brighton,25,1994,12.7,2,0,0,11,12,2,64,21,17,0,0,0,99,15,15,50.0,Matches
285,Pablo Marí\Pablo-Mari,es ESP,DF,Arsenal,25,1993,1.3,0,0,0,2,0,0,0,1,1,0,0,0,8,4,3,57.1,Matches
286,Adrian Mariappa\Adrian-Mariappa,jm JAM,DF,Watford,32,1986,16.8,6,1,1,20,7,2,21,10,12,0,0,1,133,41,32,56.2,Matches
287,Anthony Martial\Anthony-Martial,fr FRA,FW,Manchester Utd,23,1995,29.2,1,0,0,28,41,12,11,4,12,1,0,0,76,21,61,25.6,Matches
288,David Martin\David-Martin,eng ENG,GK,West Ham,33,1986,4.8,1,0,0,0,0,0,0,0,0,0,0,0,20,0,0,,Matches
289,Josh Martin\Josh-Martin,eng ENG,FW,Norwich City,17,2001,0.4,0,0,0,1,0,0,0,1,0,0,0,0,3,0,0,,Matches
290,Martinelli\Martinelli,br BRA,FW,Arsenal,18,2001,7.4,1,0,0,9,10,2,22,3,13,0,0,0,34,7,32,17.9,Matches
291,Emiliano Martínez\Emiliano-Martinez,ar ARG,GK,Arsenal,26,1992,8.6,2,0,0,0,0,0,0,0,0,0,0,0,39,0,0,,Matches
292,Adam Masina\Adam-Masina,it ITA,DF,Watford,25,1994,20.2,3,0,0,26,12,2,68,28,25,0,1,0,229,66,29,69.5,Matches
293,Arthur Masuaku\Arthur-Masuaku,cd COD,DF,West Ham,25,1993,10.4,6,1,1,10,9,0,25,13,27,0,0,0,112,11,10,52.4,Matches
294,Juan Mata\Juan-Mata,es ESP,MFFW,Manchester Utd,31,1988,8.4,1,0,0,7,10,4,23,0,7,0,0,0,48,3,7,30.0,Matches
295,Nemanja Matić\Nemanja-Matic,rs SRB,MF,Manchester Utd,30,1988,17.6,3,0,0,27,18,0,3,23,21,0,0,0,242,27,18,60.0,Matches
296,Joël Matip\Joel-Matip,cm CMR,DF,Liverpool,27,1991,7.8,0,0,0,7,6,0,1,13,9,0,0,0,92,46,5,90.2,Matches
297,Neal Maupay\Neal-Maupay,fr FRA,FW,Brighton,22,1996,30.7,3,0,0,37,46,15,12,5,17,0,0,0,141,17,85,16.7,Matches
298,James McArthur\James-McArthur,sco SCO,MF,Crystal Palace,31,1987,34.3,6,0,0,56,35,4,42,61,70,1,0,0,345,44,61,41.9,Matches
299,Oliver McBurnie\Oliver-McBurnie,sco SCO,FW,Sheffield Utd,23,1996,23.5,4,0,0,28,28,4,10,18,21,0,0,0,141,188,193,49.3,Matches
300,Alex McCarthy\Alex-McCarthy,eng ENG,GK,Southampton,29,1989,28.0,0,0,0,1,3,0,0,0,0,0,0,0,117,0,0,,Matches
301,James McCarthy\James-McCarthy,ie IRL,MF,Crystal Palace,28,1990,18.7,9,0,0,31,18,0,35,27,42,0,0,0,244,15,18,45.5,Matches
302,John McGinn\John-McGinn,sco SCO,MF,Aston Villa,24,1994,25.7,3,0,0,37,65,0,64,25,41,0,0,0,205,23,30,43.4,Matches
303,David McGoldrick\David-McGoldrick,ie IRL,FW,Sheffield Utd,31,1987,20.2,2,0,0,29,18,12,8,3,26,0,0,0,112,73,120,37.8,Matches
304,Michael McGovern\Michael-McGovern,nir NIR,GK,Norwich City,35,1984,1.8,0,0,0,0,0,0,0,0,0,0,0,0,10,0,0,,Matches
305,Kenny McLean\Kenny-McLean,sco SCO,MF,Norwich City,27,1992,33.0,5,0,0,24,58,1,53,38,31,0,1,0,327,87,87,50.0,Matches
306,Dwight McNeil\Dwight-McNeil,eng ENG,MF,Burnley,19,1999,37.1,5,0,0,29,41,0,256,28,28,0,0,0,327,27,27,50.0,Matches
307,Scott McTominay\Scott-McTominay,sco SCO,MF,Manchester Utd,22,1996,19.7,2,0,0,36,53,0,14,33,31,1,0,0,237,42,29,59.2,Matches
308,Ben Mee\Ben-Mee,eng ENG,DF,Burnley,29,1989,32.0,7,0,0,26,21,3,2,44,16,0,3,0,343,143,78,64.7,Matches
309,Benjamin Mendy\Benjamin-Mendy,fr FRA,DF,Manchester City,25,1994,16.6,3,0,0,12,1,1,86,17,17,0,0,0,122,17,16,51.5,Matches
310,Nampalys Mendy\Nampalys-Mendy,fr FRA,MF,Leicester City,27,1992,3.2,0,0,0,4,8,0,2,6,4,0,0,0,34,5,1,83.3,Matches
311,Chris Mepham\Chris-Mepham,wal WAL,DF,Bournemouth,21,1997,10.1,1,0,0,11,5,1,3,17,14,0,0,0,106,36,21,63.2,Matches
312,Max Meyer\Max-Meyer,de GER,MFFW,Crystal Palace,23,1995,7.3,1,0,0,6,16,2,9,9,8,0,0,0,50,3,7,30.0,Matches
313,Luka Milivojević\Luka-Milivojevic,rs SRB,MF,Crystal Palace,28,1991,27.9,12,0,0,49,27,1,146,39,37,0,1,0,331,31,21,59.6,Matches
314,James Milner\James-Milner,eng ENG,MFDF,Liverpool,33,1986,10.4,4,0,0,11,12,1,20,8,10,0,0,0,102,16,8,66.7,Matches
315,Yerry Mina\Yerry-Mina,co COL,DF,Everton,24,1994,25.4,3,0,0,20,13,2,4,29,20,0,0,1,279,112,63,64.0,Matches
316,Takumi Minamino\Takumi-Minamino,jp JPN,FWMF,Liverpool,24,1995,2.8,0,0,0,7,3,0,3,0,3,0,0,0,11,5,5,50.0,Matches
317,Tyrone Mings\Tyrone-Mings,eng ENG,DF,Aston Villa,26,1993,32.2,7,0,0,20,11,2,8,33,17,0,1,0,330,66,40,62.3,Matches
318,Tyrick Mitchell\Tyrick-Mitchell,eng ENG,DF,Crystal Palace,19,1999,2.2,1,0,0,1,1,0,4,3,2,0,0,0,18,1,6,14.3,Matches
319,Henrikh Mkhitaryan\Henrikh-Mkhitaryan,am ARM,FW,Arsenal,30,1989,1.2,1,0,0,2,2,1,4,0,0,0,0,0,12,2,1,66.7,Matches
320,Nacho Monreal\Nacho-Monreal,es ESP,DF,Arsenal,33,1986,3.0,0,0,0,1,1,2,4,3,4,0,0,0,17,7,7,50.0,Matches
321,Martín Montoya\Martin-Montoya,es ESP,DF,Brighton,28,1991,21.1,5,0,0,27,15,4,45,29,28,0,0,0,161,27,19,58.7,Matches
322,Simon Moore\Simon-Moore,eng ENG,GK,Sheffield Utd,29,1990,2.0,0,0,0,0,0,0,0,0,0,0,0,0,10,0,0,,Matches
323,Aaron Mooy\Aaron-Mooy,au AUS,MFFW,Brighton,28,1990,23.2,3,1,1,13,11,0,107,23,31,0,0,0,189,14,28,33.3,Matches
324,Wesley Moraes\Wesley-Moraes,br BRA,FW,Aston Villa,22,1996,19.8,3,0,0,43,14,14,7,4,10,0,0,0,60,58,92,38.7,Matches
325,Wes Morgan\Wes-Morgan,jm JAM,DF,Leicester City,35,1984,4.8,0,0,0,4,1,0,0,7,4,0,0,0,43,15,14,51.7,Matches
326,Ravel Morrison\Ravel-Morrison,eng ENG,MF,Sheffield Utd,26,1993,0.1,0,0,0,1,0,0,0,0,0,0,0,0,2,0,0,,Matches
327,Mason Mount\Mason-Mount,eng ENG,MFFW,Chelsea,20,1999,31.9,3,0,0,37,38,4,135,15,31,1,0,0,214,14,39,26.4,Matches
328,Lucas Moura\Lucas-Moura,br BRA,FWMF,Tottenham,26,1992,24.9,3,0,0,31,63,5,19,15,33,0,0,0,199,57,83,40.7,Matches
329,Lys Mousset\Lys-Mousset,fr FRA,FW,Sheffield Utd,23,1996,13.8,1,0,0,24,14,16,4,4,4,0,0,0,66,13,84,13.4,Matches
330,João Moutinho\Joao-Moutinho,pt POR,MF,Wolves,32,1986,34.5,7,0,0,41,25,3,216,48,54,0,0,0,355,18,29,38.3,Matches
331,Glenn Murray\Glenn-Murray,eng ENG,FW,Brighton,35,1983,8.9,0,0,0,15,15,10,4,1,2,0,0,0,36,30,42,41.7,Matches
332,Shkodran Mustafi\Shkodran-Mustafi,de GER,DF,Arsenal,27,1992,13.4,2,0,0,14,3,0,2,18,9,0,0,0,126,68,22,75.6,Matches
333,Yoshinori Mutō\Yoshinori-Muto,jp JPN,FWMF,Newcastle Utd,27,1992,2.4,0,0,0,2,3,3,1,0,2,0,0,0,9,1,6,14.3,Matches
334,Georges-Kévin N'Koudou\Georges-Kevin-NKoudou,fr FRA,FW,Tottenham,24,1995,0.0,0,0,0,0,0,0,0,0,0,0,0,0,0,0,0,,Matches
335,Marvelous Nakamba\Marvelous-Nakamba,zw ZIM,MF,Aston Villa,25,1994,20.4,5,0,0,26,24,0,3,38,47,0,0,0,236,16,33,32.7,Matches
336,Wilfred Ndidi\Wilfred-Ndidi,ng NGA,MF,Leicester City,22,1996,29.7,6,0,0,56,27,1,3,84,76,0,3,0,430,77,62,55.4,Matches
337,Tanguy Ndombele\Tanguy-Ndombele,fr FRA,MF,Tottenham,22,1996,11.2,3,0,0,14,29,0,12,13,19,0,0,0,109,5,7,41.7,Matches
338,Reiss Nelson\Reiss-Nelson,eng ENG,FW,Arsenal,19,1999,7.0,1,0,0,8,8,4,26,3,6,0,0,0,34,0,7,0.0,Matches
339,Pedro Neto\Pedro-Neto,pt POR,FWMF,Wolves,19,2000,10.4,3,0,0,14,16,4,47,7,5,0,0,0,82,8,31,20.5,Matches
340,Rúben Neves\Ruben-Neves,pt POR,MF,Wolves,22,1997,34.0,9,0,0,29,16,0,31,55,42,0,0,0,470,25,28,47.2,Matches
341,Jeremy Ngakia\Jeremy-Ngakia,eng ENG,DF,West Ham,18,2000,4.9,0,0,0,4,1,1,12,7,12,0,0,0,38,8,11,42.1,Matches
342,Oumar Niasse\Oumar-Niasse,sn SEN,FW,Everton,29,1990,0.2,0,0,0,2,0,0,1,1,1,0,0,0,1,0,4,0.0,Matches
343,Eddie Nketiah\Eddie-Nketiah,eng ENG,FW,Arsenal,20,1999,7.0,0,1,0,16,10,3,1,1,7,0,0,0,30,6,8,42.9,Matches
344,Mark Noble\Mark-Noble,eng ENG,MF,West Ham,32,1987,29.7,5,0,0,28,31,1,40,21,36,1,0,0,299,11,18,37.9,Matches
345,Oliver Norwood\Oliver-Norwood,nir NIR,MF,Sheffield Utd,28,1991,34.3,8,0,0,32,16,1,198,51,44,0,1,0,463,43,30,58.9,Matches
346,Ørjan Nyland\Orjan-Nyland,no NOR,GK,Aston Villa,28,1990,6.0,0,0,0,0,0,0,0,0,0,0,0,0,24,0,0,,Matches
347,Jack O'Connell\Jack-OConnell,eng ENG,DF,Sheffield Utd,25,1994,32.4,4,0,0,21,17,2,51,41,20,0,0,0,376,126,47,72.8,Matches
348,Michael Obafemi\Michael-Obafemi,ie IRL,FW,Southampton,19,2000,7.4,1,0,0,11,7,3,2,4,2,0,0,0,32,8,41,16.3,Matches
349,Angelo Ogbonna\Angelo-Ogbonna,it ITA,DF,West Ham,31,1988,31.0,4,0,0,22,14,0,1,32,34,0,1,1,311,108,50,68.4,Matches
350,Divock Origi\Divock-Origi,be BEL,FW,Liverpool,24,1995,8.0,1,0,0,12,16,0,18,4,10,1,0,0,43,14,24,36.8,Matches
351,Ben Osborn\Ben-Osborn,eng ENG,MFDF,Sheffield Utd,24,1994,6.6,0,0,0,9,6,1,16,6,10,0,0,0,58,9,7,56.3,Matches
352,Nicolás Otamendi\Nicolas-Otamendi,ar ARG,DF,Manchester City,31,1988,19.1,3,0,0,21,1,0,0,19,12,0,0,0,164,59,27,68.6,Matches
353,Alex Oxlade-Chamberlain\Alex-Oxlade-Chamberlain,eng ENG,MFFW,Liverpool,25,1993,16.5,1,0,0,17,14,2,45,22,14,0,0,1,133,13,26,33.3,Matches
354,Mesut Özil\Mesut-Ozil,de GER,MF,Arsenal,30,1988,16.0,1,0,0,14,18,6,71,5,10,0,0,0,92,3,3,50.0,Matches
355,Emerson Palmieri\Emerson-Palmieri,it ITA,DF,Chelsea,24,1994,11.4,3,0,0,4,16,2,54,17,7,0,0,0,116,17,7,70.8,Matches
356,Sokratis Papastathopoulos\Sokratis-Papastathopoulos,gr GRE,DF,Arsenal,31,1988,18.8,6,0,0,19,12,1,1,14,13,0,0,0,109,53,28,65.4,Matches
357,Troy Parrott\Troy-Parrott,ie IRL,MF,Tottenham,17,2002,0.1,0,0,0,0,0,0,0,0,0,0,0,0,0,0,2,0.0,Matches
358,Rui Patrício\Rui-Patricio,pt POR,GK,Wolves,31,1988,38.0,0,0,0,0,7,0,0,2,0,0,0,0,173,0,0,,Matches
359,Pedro\Pedro,es ESP,FW,Chelsea,32,1987,7.3,1,0,0,8,11,0,21,9,10,0,0,0,61,2,5,28.6,Matches
360,João Pedro\Joao-Pedro,br BRA,FWMF,Watford,17,2001,0.3,0,0,0,1,0,0,3,0,0,0,0,0,3,2,3,40.0,Matches
361,Nicolas Pépé\Nicolas-Pepe,ci CIV,FW,Arsenal,24,1995,22.3,4,0,0,14,37,4,108,7,19,0,0,0,134,13,41,24.1,Matches
362,Andreas Pereira\Andreas-Pereira,br BRA,MFFW,Manchester Utd,23,1996,16.5,3,0,0,26,16,3,62,6,12,0,0,0,120,13,27,32.5,Matches
363,Ricardo Pereira\Ricardo-Pereira,pt POR,DF,Leicester City,25,1993,28.0,1,0,0,44,37,0,57,43,68,0,1,0,227,38,41,48.1,Matches
364,Roberto Pereyra\Roberto-Pereyra,ar ARG,FWMF,Watford,28,1991,18.3,4,0,0,21,33,6,31,12,10,1,0,0,143,7,28,20.0,Matches
365,Ayoze Pérez\Ayoze-Perez,es ESP,MFFW,Leicester City,26,1993,22.3,0,0,0,30,30,7,29,13,34,0,0,0,138,23,44,34.3,Matches
366,Jordan Pickford\Jordan-Pickford,eng ENG,GK,Everton,25,1994,38.0,2,0,0,1,8,0,0,1,0,0,0,0,233,0,0,,Matches
367,Brandon Pierrick\Brandon-Pierrick,eng ENG,MF,Crystal Palace,17,2001,0.2,0,0,0,0,0,0,2,1,0,,,0,,,,,Matches
368,Erik Pieters\Erik-Pieters,nl NED,DFMF,Burnley,30,1988,20.9,2,0,0,21,20,0,41,27,41,0,1,0,186,33,15,68.8,Matches
369,Daniel Podence\Daniel-Podence,pt POR,FWMF,Wolves,23,1995,3.2,0,0,0,5,9,3,5,3,2,1,0,0,19,0,7,0.0,Matches
370,Paul Pogba\Paul-Pogba,fr FRA,MF,Manchester Utd,26,1993,13.4,1,0,0,26,19,2,6,5,16,2,1,0,166,27,10,73.0,Matches
371,Nick Pope\Nick-Pope,eng ENG,GK,Burnley,27,1992,38.0,1,0,0,0,6,0,0,2,0,0,0,0,193,0,0,,Matches
372,Dennis Praet\Dennis-Praet,be BEL,MF,Leicester City,25,1994,12.6,2,0,0,17,13,1,21,15,18,0,1,0,144,5,9,35.7,Matches
373,Sebastian Prödl\Sebastian-Prodl,at AUT,DF,Watford,32,1987,0.6,0,0,0,1,0,0,0,0,0,0,0,0,5,4,1,80.0,Matches
374,Davy Pröpper\Davy-Propper,nl NED,MF,Brighton,27,1991,31.4,4,0,0,31,18,0,37,30,38,0,0,0,365,24,26,48.0,Matches
375,Teemu Pukki\Teemu-Pukki,fi FIN,FW,Norwich City,29,1990,32.1,3,0,0,23,15,17,9,6,12,0,0,0,113,6,50,10.7,Matches
376,Christian Pulisic\Christian-Pulisic,us USA,FW,Chelsea,20,1998,19.1,0,0,0,13,30,3,34,7,19,2,0,0,102,16,47,25.4,Matches
377,Ignacio Pussetto\Ignacio-Pussetto,ar ARG,FWDF,Watford,23,1995,0.8,1,0,0,3,2,0,4,3,3,0,0,0,14,1,3,25.0,Matches
378,Domingos Quina\Domingos-Quina,pt POR,MF,Watford,19,1999,0.2,0,0,0,1,1,0,0,0,0,0,0,0,4,0,2,0.0,Matches
379,Aaron Ramsdale\Aaron-Ramsdale,eng ENG,GK,Bournemouth,21,1998,37.0,0,0,0,0,3,0,1,0,0,0,0,0,198,0,0,,Matches
380,Darren Randolph\Darren-Randolph,ie IRL,GK,West Ham,32,1987,2.0,0,0,0,0,0,0,0,0,0,0,0,0,6,0,0,,Matches
381,Marcus Rashford\Marcus-Rashford,eng ENG,FW,Manchester Utd,21,1997,29.4,3,0,0,21,45,13,32,9,6,4,0,0,140,20,46,30.3,Matches
382,Nathan Redmond\Nathan-Redmond,eng ENG,MFFW,Southampton,25,1994,30.7,2,0,0,23,31,5,42,15,46,0,0,0,250,20,57,26.0,Matches
383,Pepe Reina\Pepe-Reina,es ESP,GK,Aston Villa,36,1982,12.0,1,0,0,1,4,0,0,0,0,0,0,0,51,0,0,,Matches
384,Declan Rice\Declan-Rice,eng ENG,MF,West Ham,20,1999,38.0,6,0,0,41,7,2,26,78,89,0,1,0,450,51,33,60.7,Matches
385,Richarlison\Richarlison,br BRA,FW,Everton,22,1997,34.1,8,0,0,43,72,17,56,12,45,0,1,0,222,68,126,35.1,Matches
386,Diego Rico\Diego-Rico,es ESP,DF,Bournemouth,26,1993,25.9,6,0,0,18,22,2,174,80,42,0,0,0,314,37,25,59.7,Matches
387,Jaïro Riedewald\Jairo-Riedewald,nl NED,DFMF,Crystal Palace,22,1996,8.5,0,0,0,3,2,0,6,15,12,0,0,0,90,6,2,75.0,Matches
388,Matt Ritchie\Matt-Ritchie,sco SCO,DFMF,Newcastle Utd,29,1989,14.6,4,0,0,26,16,0,100,12,17,0,1,0,117,20,19,51.3,Matches
389,Roberto\Roberto,es ESP,GK,West Ham,33,1986,7.6,0,0,0,0,1,0,0,0,0,0,0,1,51,0,0,,Matches
390,Patrick Roberts\Patrick-Roberts,eng ENG,MFFW,Norwich City,22,1997,0.3,0,0,0,1,2,0,0,0,0,0,0,0,1,0,0,,Matches
391,Andrew Robertson\Andrew-Robertson,sco SCO,DF,Liverpool,25,1994,34.6,2,0,0,18,13,2,204,38,32,0,0,0,340,25,32,43.9,Matches
392,Callum Robinson\Callum-Robinson,ie IRL,FW,Sheffield Utd,24,1995,7.5,1,0,0,11,4,1,15,5,4,0,0,0,32,3,21,12.5,Matches
393,Jack Robinson\Jack-Robinson,eng ENG,DF,Sheffield Utd,25,1993,5.6,0,0,0,4,4,1,6,7,3,0,0,0,60,13,7,65.0,Matches
394,Rodri\Rodri,es ESP,MF,Manchester City,23,1996,27.6,8,0,0,43,32,0,8,28,44,0,0,0,372,69,33,67.6,Matches
395,Jay Rodriguez\Jay-Rodriguez,eng ENG,FW,Burnley,30,1989,22.4,1,0,0,26,15,22,14,5,17,0,0,0,118,74,139,34.7,Matches
396,Jack Rodwell\Jack-Rodwell,eng ENG,MF,Sheffield Utd,28,1991,0.2,0,0,0,0,0,0,0,0,0,0,0,0,1,0,0,,Matches
397,Marcos Rojo\Marcos-Rojo,ar ARG,DF,Manchester Utd,29,1990,1.4,1,0,0,2,1,0,3,0,1,0,0,0,7,3,1,75.0,Matches
398,Oriol Romeu\Oriol-Romeu,es ESP,MF,Southampton,27,1991,20.7,5,0,0,39,16,1,6,32,39,0,0,0,302,41,32,56.2,Matches
399,Danny Rose\Danny-Rose,eng ENG,DF,Newcastle Utd,29,1990,9.6,2,0,0,11,22,0,8,9,15,0,0,0,86,9,12,42.9,Matches
400,Danny Rose\Danny-Rose,eng ENG,DF,Tottenham,29,1990,9.9,5,0,0,14,17,0,39,7,13,0,0,0,93,9,6,60.0,Matches
401,Antonio Rüdiger\Antonio-Rudiger,de GER,DF,Chelsea,26,1993,19.0,3,0,0,19,8,0,7,13,24,0,0,1,233,61,26,70.1,Matches
402,Lukas Rupp\Lukas-Rupp,de GER,FWMF,Norwich City,28,1991,7.7,1,0,0,10,6,0,2,14,9,0,0,0,69,4,17,19.0,Matches
403,Mathew Ryan\Mathew-Ryan,au AUS,GK,Brighton,27,1992,38.0,0,0,0,0,4,0,0,2,0,0,0,0,184,0,0,,Matches
404,Allan Saint-Maximin\Allan-Saint-Maximin,fr FRA,MFFW,Newcastle Utd,22,1997,20.7,0,0,0,18,48,3,44,9,11,0,0,0,135,7,20,25.9,Matches
405,Romain Saïss\Romain-Saiss,ma MAR,DF,Wolves,29,1990,30.1,12,1,1,43,24,2,9,51,30,0,0,0,359,118,64,64.8,Matches
406,Bukayo Saka\Bukayo-Saka,eng ENG,DFFW,Arsenal,17,2001,19.5,6,0,0,22,28,10,67,12,22,0,0,0,138,12,37,24.5,Matches
407,Mamadou Sakho\Mamadou-Sakho,fr FRA,DF,Crystal Palace,29,1990,10.3,1,1,0,3,2,0,0,22,7,0,0,0,120,20,17,54.1,Matches
408,Mohamed Salah\Mohamed-Salah,eg EGY,FW,Liverpool,27,1992,32.0,1,0,0,17,18,20,45,8,13,1,0,0,167,13,48,21.3,Matches
409,Mbwana Samatta\Mbwana-Samatta,tz TAN,FW,Aston Villa,26,1992,10.5,1,0,0,8,18,8,3,1,7,0,0,0,35,34,78,30.4,Matches
410,Carlos Sánchez\Carlos-Sanchez,co COL,MFDF,West Ham,33,1986,1.3,0,0,0,2,0,0,0,2,1,0,0,0,22,3,1,75.0,Matches
411,Davinson Sánchez\Davinson-Sanchez,co COL,DF,Tottenham,23,1996,27.0,6,0,0,27,12,1,2,34,36,0,0,0,260,52,34,60.5,Matches
412,Leroy Sané\Leroy-Sane,de GER,FW,Manchester City,23,1996,0.1,0,0,0,0,0,0,0,0,0,0,0,0,0,0,0,,Matches
413,Ismaila Sarr\Ismaila-Sarr,sn SEN,FWMF,Watford,21,1998,22.5,1,0,0,22,47,12,97,15,19,2,0,0,143,18,49,26.9,Matches
414,Fabian Schär\Fabian-Schar,ch SUI,DFMF,Newcastle Utd,27,1991,18.6,5,0,0,29,25,2,12,51,27,0,0,0,173,35,27,56.5,Matches
415,Ezequiel Schelotto\Ezequiel-Schelotto,it ITA,DF,Brighton,30,1989,4.0,2,0,0,6,4,1,16,7,5,0,0,0,31,8,2,80.0,Matches
416,Jeffrey Schlupp\Jeffrey-Schlupp,gh GHA,MFDF,Crystal Palace,26,1992,11.5,2,0,0,17,12,1,9,13,6,0,0,0,80,19,16,54.3,Matches
417,Kasper Schmeichel\Kasper-Schmeichel,dk DEN,GK,Leicester City,32,1986,38.0,2,0,0,0,7,0,0,0,0,0,0,0,184,0,0,,Matches
418,Morgan Schneiderlin\Morgan-Schneiderlin,fr FRA,MF,Everton,29,1989,11.1,6,1,1,18,2,0,8,21,19,0,0,0,127,18,11,62.1,Matches
419,Ryan Sessegnon\Ryan-Sessegnon,eng ENG,DF,Tottenham,19,2000,3.8,0,0,0,4,2,2,13,1,0,0,1,0,28,6,5,54.5,Matches
420,Xherdan Shaqiri\Xherdan-Shaqiri,ch SUI,FW,Liverpool,27,1991,2.1,0,0,0,1,3,1,6,0,0,0,0,0,17,3,4,42.9,Matches
421,Billy Sharp\Billy-Sharp,eng ENG,FW,Sheffield Utd,33,1986,11.7,1,1,0,20,32,12,12,1,5,0,0,0,55,13,44,22.8,Matches
422,Luke Shaw\Luke-Shaw,eng ENG,DF,Manchester Utd,24,1995,19.3,7,0,0,23,10,4,37,22,24,0,0,0,205,32,23,58.2,Matches
423,Jonjo Shelvey\Jonjo-Shelvey,eng ENG,MF,Newcastle Utd,27,1992,23.5,3,0,0,17,6,1,87,22,16,0,0,0,237,18,11,62.1,Matches
424,Djibril Sidibé\Djibril-Sidibe,fr FRA,DF,Everton,27,1992,20.3,3,0,0,24,19,2,70,41,40,0,0,0,214,29,33,46.8,Matches
425,Gylfi Sigurðsson\Gylfi-Sigurdsson,is ISL,MF,Everton,29,1989,28.4,3,0,0,34,23,2,131,36,45,0,0,0,241,18,28,39.1,Matches
426,Bernardo Silva\Bernardo-Silva,pt POR,FWMF,Manchester City,24,1994,22.6,5,0,0,23,20,2,71,26,26,0,1,0,183,11,28,28.2,Matches
427,David Silva\David-Silva,es ESP,MF,Manchester City,33,1986,20.3,0,0,0,20,20,3,35,12,16,0,0,0,164,8,15,34.8,Matches
428,Jack Simpson\Jack-Simpson,eng ENG,DF,Bournemouth,22,1997,2.7,0,0,0,1,1,0,0,2,2,0,0,0,22,4,2,66.7,Matches
429,Moussa Sissoko\Moussa-Sissoko,fr FRA,MF,Tottenham,29,1989,27.2,8,0,0,44,16,2,23,31,35,0,1,0,285,31,27,53.4,Matches
430,Oliver Skipp\Oliver-Skipp,eng ENG,MFDF,Tottenham,18,2000,0.9,0,0,0,1,0,0,0,0,2,0,0,0,14,0,2,0.0,Matches
431,William Smallbone\William-Smallbone,ie IRL,MF,Southampton,19,2000,4.4,0,0,0,2,6,0,5,2,8,0,0,0,42,3,21,12.5,Matches
432,Adam Smith\Adam-Smith,eng ENG,DF,Bournemouth,28,1991,22.8,7,0,0,25,40,2,28,25,30,0,2,0,194,36,30,54.5,Matches
433,Emile Smith-Rowe\Emile-Smith-Rowe,eng ENG,MF,Arsenal,19,2000,1.1,0,0,0,0,1,0,1,1,1,0,0,0,4,0,0,,Matches
434,Robert Snodgrass\Robert-Snodgrass,sco SCO,MFFW,West Ham,31,1987,16.8,4,0,0,20,32,4,135,5,10,0,0,0,129,16,24,40.0,Matches
435,Cédric Soares\Cedric-Soares,pt POR,DF,Southampton,27,1991,14.5,1,0,0,10,3,0,52,18,24,0,0,0,124,20,22,47.6,Matches
436,Cédric Soares\Cedric-Soares,pt POR,DF,Arsenal,27,1991,2.8,0,0,0,6,1,0,18,3,5,0,0,0,23,2,3,40.0,Matches
437,Dominic Solanke\Dominic-Solanke,eng ENG,FWMF,Bournemouth,21,1997,18.3,1,0,0,15,23,4,6,8,10,0,0,0,120,51,103,33.1,Matches
438,Tomáš Souček\Tomas-Soucek,cz CZE,MF,West Ham,24,1995,11.6,0,0,0,11,9,0,2,22,25,0,0,1,117,63,38,62.4,Matches
439,Çağlar Söyüncü\Caglar-Soyuncu,tr TUR,DF,Leicester City,23,1996,33.7,4,1,0,29,20,1,4,43,47,0,2,0,363,122,56,68.5,Matches
440,Dennis Srbeny\Dennis-Srbeny,de GER,MFFW,Norwich City,25,1994,0.5,0,0,0,1,0,0,0,0,4,0,0,0,5,1,5,16.7,Matches
441,Jack Stacey\Jack-Stacey,eng ENG,DF,Bournemouth,23,1996,17.2,2,0,0,10,10,1,34,21,13,0,0,0,185,22,18,55.0,Matches
442,Junior Stanislas\Junior-Stanislas,eng ENG,MFDF,Bournemouth,29,1989,7.9,1,0,0,5,4,1,37,5,6,0,0,0,60,9,6,60.0,Matches
443,Jed Steer\Jed-Steer,eng ENG,GK,Aston Villa,26,1992,0.1,0,0,0,0,0,0,0,0,0,0,0,0,0,0,0,,Matches
444,Dale Stephens\Dale-Stephens,eng ENG,MF,Brighton,30,1989,28.1,8,0,0,41,7,0,4,58,40,0,0,0,315,20,23,46.5,Matches
445,Jack Stephens\Jack-Stephens,eng ENG,DF,Southampton,25,1994,27.2,4,1,0,13,13,0,5,30,35,0,1,0,322,43,56,43.4,Matches
446,Raheem Sterling\Raheem-Sterling,eng ENG,FW,Manchester City,24,1994,29.5,5,0,0,30,40,12,50,14,29,3,0,0,160,20,35,36.4,Matches
447,Enda Stevens\Enda-Stevens,ie IRL,DF,Sheffield Utd,29,1990,37.2,7,0,0,39,19,2,121,36,43,0,0,0,341,35,26,57.4,Matches
448,Marco Stiepermann\Marco-Stiepermann,de GER,MF,Norwich City,28,1991,13.1,6,0,0,22,15,0,6,5,7,0,0,0,67,14,59,19.2,Matches
449,John Stones\John-Stones,eng ENG,DF,Manchester City,25,1994,12.5,0,0,0,5,1,1,0,8,12,0,0,0,153,38,20,65.5,Matches
450,Isaac Success\Isaac-Success,ng NGA,FWMF,Watford,23,1996,0.8,1,0,0,2,2,0,2,1,0,0,0,0,5,1,7,12.5,Matches
451,Ki Sung-yueng\Ki-Sung-yueng,kr KOR,MF,Newcastle Utd,30,1989,1.5,0,0,0,1,3,0,4,2,1,0,0,0,14,2,0,100.0,Matches
452,Andrew Surman\Andrew-Surman,eng ENG,MF,Bournemouth,32,1986,2.6,1,0,0,1,1,0,3,1,2,0,0,0,40,5,7,41.7,Matches
453,Sam Surridge\Sam-Surridge,eng ENG,FW,Bournemouth,21,1998,0.3,0,0,0,1,1,0,1,1,0,0,0,0,1,4,4,50.0,Matches
454,Japhet Tanganga\Japhet-Tanganga,eng ENG,DF,Tottenham,20,1999,5.8,1,0,0,8,4,0,2,11,15,0,0,0,50,19,10,65.5,Matches
455,Matt Targett\Matt-Targett,eng ENG,DF,Aston Villa,23,1995,25.5,4,0,0,26,17,0,81,60,33,0,0,0,240,32,37,46.4,Matches
456,James Tarkowski\James-Tarkowski,eng ENG,DF,Burnley,26,1992,38.0,10,0,0,48,31,3,4,61,51,0,0,0,442,215,60,78.2,Matches
457,Charlie Taylor\Charlie-Taylor,eng ENG,DF,Burnley,25,1993,21.6,3,0,0,17,28,2,88,29,16,0,0,0,198,47,31,60.3,Matches
458,Neil Taylor\Neil-Taylor,wal WAL,DF,Aston Villa,30,1989,12.1,2,0,0,8,6,0,9,20,9,0,0,0,94,10,16,38.5,Matches
459,Nathan Tella\Nathan-Tella,eng ENG,FW,Southampton,20,1999,0.0,0,0,0,0,1,0,0,0,0,0,0,0,1,1,1,50.0,Matches
460,Alexander Tettey\Alexander-Tettey,no NOR,MFDF,Norwich City,33,1986,26.0,5,0,0,21,7,0,4,43,20,0,0,0,327,37,23,61.7,Matches
461,Jordan Thomas\Jordan-Thomas,eng ENG,FW,Norwich City,,,0.0,0,0,0,0,0,0,0,0,0,0,0,0,0,0,1,0.0,Matches
462,Luke Thomas\Luke-Thomas,eng ENG,DF,Leicester City,,,3.0,0,0,0,1,3,0,16,4,3,0,0,0,27,3,10,23.1,Matches
463,Max Thompson\Max-Thompson,eng ENG,FW,Burnley,17,2002,0.0,0,0,0,0,0,0,0,0,0,0,0,0,0,0,1,0.0,Matches
464,Youri Tielemans\Youri-Tielemans,be BEL,MF,Leicester City,22,1997,31.4,2,0,0,33,49,1,82,29,40,0,0,0,287,29,28,50.9,Matches
465,Kieran Tierney\Kieran-Tierney,sco SCO,DF,Arsenal,22,1997,11.0,2,0,0,8,12,0,44,9,11,0,1,0,98,10,10,50.0,Matches
466,James Tomkins\James-Tomkins,eng ENG,DF,Crystal Palace,30,1989,17.6,5,0,0,13,11,1,1,23,14,0,0,0,165,75,22,77.3,Matches
467,Fikayo Tomori\Fikayo-Tomori,eng ENG,DF,Chelsea,21,1997,14.3,3,0,0,7,6,1,4,20,15,0,0,0,145,40,22,64.5,Matches
468,Lucas Torreira\Lucas-Torreira,uy URU,MF,Arsenal,23,1996,16.8,7,0,0,24,43,1,12,31,24,0,0,0,215,9,18,33.3,Matches
469,Cenk Tosun\Cenk-Tosun,tr TUR,FW,Crystal Palace,28,1991,2.0,0,0,0,4,4,1,2,0,2,0,0,0,9,5,16,23.8,Matches
470,Cenk Tosun\Cenk-Tosun,tr TUR,FW,Everton,28,1991,3.2,0,0,0,4,4,1,2,0,0,0,0,0,12,7,15,31.8,Matches
471,Andros Townsend\Andros-Townsend,eng ENG,MF,Crystal Palace,28,1991,14.4,0,0,0,9,26,1,66,16,20,0,0,0,109,4,12,25.0,Matches
472,Adama Traoré\Adama-Traore,es ESP,FWMF,Wolves,23,1996,28.9,1,0,0,39,77,5,182,18,23,0,0,0,171,48,51,48.5,Matches
473,Mark Travers\Mark-Travers,ie IRL,GK,Bournemouth,20,1999,1.0,0,0,0,0,0,0,0,0,0,0,0,0,6,0,0,,Matches
474,Trézéguet\Trezeguet,eg EGY,FWMF,Aston Villa,24,1994,21.7,4,1,1,35,32,5,65,26,28,1,0,0,94,28,46,37.8,Matches
475,Leandro Trossard\Leandro-Trossard,be BEL,FWMF,Brighton,24,1994,22.3,0,0,0,13,11,4,76,8,16,0,0,0,138,2,22,8.3,Matches
476,Tom Trybull\Tom-Trybull,de GER,MF,Norwich City,26,1993,12.6,2,0,0,26,11,2,0,16,30,0,0,0,130,23,17,57.5,Matches
477,Axel Tuanzebe\Axel-Tuanzebe,eng ENG,DF,Manchester Utd,21,1997,2.1,0,0,0,3,3,0,1,5,3,0,0,0,26,3,10,23.1,Matches
478,Yan Valery\Yan-Valery,fr FRA,DF,Southampton,20,1999,8.7,1,0,0,7,8,3,12,12,13,0,0,0,83,21,19,52.5,Matches
479,Jesús Vallejo\Jesus-Vallejo,es ESP,DF,Wolves,22,1997,1.8,1,0,0,2,1,0,0,1,3,0,0,0,18,4,4,50.0,Matches
480,Jamie Vardy\Jamie-Vardy,eng ENG,FW,Leicester City,32,1987,33.7,2,0,0,19,12,28,33,2,11,1,0,0,91,53,99,34.9,Matches
481,Indiana Vassilev\Indiana-Vassilev,us USA,FWMF,Aston Villa,18,2001,0.6,0,0,0,0,1,2,0,0,1,0,0,0,3,0,2,0.0,Matches
482,Jan Vertonghen\Jan-Vertonghen,be BEL,DF,Tottenham,32,1987,18.3,2,0,0,7,17,0,18,31,21,0,1,0,196,59,25,70.2,Matches
483,Jannik Vestergaard\Jannik-Vestergaard,dk DEN,DF,Southampton,26,1992,16.6,3,0,0,9,9,0,1,24,12,0,0,0,195,80,30,72.7,Matches
484,Rúben Vinagre\Ruben-Vinagre,pt POR,DF,Wolves,20,1999,7.2,1,0,0,7,8,0,30,8,13,0,0,0,61,6,11,35.3,Matches
485,Jake Vokins\Jake-Vokins,eng ENG,DF,Southampton,19,2000,1.0,0,0,0,0,1,0,1,0,0,0,0,0,8,0,0,,Matches
486,Mario Vrančić\Mario-Vrancic,ba BIH,MF,Norwich City,30,1989,7.1,3,0,0,13,13,1,7,8,14,0,0,0,88,9,13,40.9,Matches
487,Matěj Vydra\Matej-Vydra,cz CZE,FW,Burnley,27,1992,9.1,0,0,0,1,12,3,3,1,2,0,0,0,37,17,42,28.8,Matches
488,Theo Walcott\Theo-Walcott,eng ENG,MFFW,Everton,30,1989,14.3,1,0,0,9,17,10,41,8,8,0,0,0,101,7,18,28.0,Matches
489,Kyle Walker\Kyle-Walker,eng ENG,DF,Manchester City,29,1990,26.6,5,0,0,27,15,3,55,29,23,0,0,0,268,33,38,46.5,Matches
490,Kyle Walker-Peters\Kyle-Walker-Peters,eng ENG,DF,Tottenham,22,1997,2.7,0,0,0,1,5,1,8,2,3,0,0,0,27,2,4,33.3,Matches
491,Kyle Walker-Peters\Kyle-Walker-Peters,eng ENG,DF,Southampton,22,1997,7.8,1,0,0,6,21,1,12,13,8,0,0,0,70,3,15,16.7,Matches
492,Aaron Wan-Bissaka\Aaron-Wan-Bissaka,eng ENG,DF,Manchester Utd,21,1997,34.1,8,0,0,22,19,1,102,65,65,0,1,0,301,28,24,53.8,Matches
493,Victor Wanyama\Victor-Wanyama,ke KEN,MF,Tottenham,28,1991,0.3,1,0,0,1,1,0,0,0,0,0,0,0,4,1,0,100.0,Matches
494,Joel Ward\Joel-Ward,eng ENG,DF,Crystal Palace,29,1989,26.5,4,0,0,24,29,0,37,52,31,0,0,0,271,52,26,66.7,Matches
495,James Ward-Prowse\James-Ward-Prowse,eng ENG,MFDF,Southampton,24,1994,38.0,9,0,0,56,43,0,265,54,56,1,0,0,481,73,52,58.4,Matches
496,Kelland Watts\Kelland-Watts,eng ENG,DF,Newcastle Utd,19,1999,0.2,0,0,0,0,0,0,0,0,0,0,0,0,1,0,0,,Matches
497,Adam Webster\Adam-Webster,eng ENG,DF,Brighton,24,1995,29.6,4,0,0,13,19,0,6,43,25,0,2,1,363,119,51,70.0,Matches
498,Danny Welbeck\Danny-Welbeck,eng ENG,FWMF,Watford,28,1990,9.1,0,0,0,8,10,2,1,5,9,1,0,0,36,24,21,53.3,Matches
499,Ashley Westwood\Ashley-Westwood,eng ENG,MF,Burnley,29,1990,35.0,9,0,0,33,33,1,146,32,31,0,0,0,436,17,28,37.8,Matches
500,Connor Wickham\Connor-Wickham,eng ENG,FWMF,Crystal Palace,26,1993,1.1,0,0,0,4,0,1,0,0,2,0,0,0,8,10,7,58.8,Matches
501,Georginio Wijnaldum\Georginio-Wijnaldum,nl NED,MF,Liverpool,28,1990,32.6,0,0,0,15,32,1,5,18,29,0,0,0,296,37,53,41.1,Matches
502,Jetro Willems\Jetro-Willems,nl NED,DF,Newcastle Utd,25,1994,16.6,0,0,0,10,17,1,32,16,19,0,0,0,138,19,14,57.6,Matches
503,Brandon Williams\Brandon-Williams,eng ENG,DF,Manchester Utd,18,2000,11.2,6,0,0,13,15,1,13,11,5,1,0,0,93,12,10,54.5,Matches
504,Neco Williams\Neco-Williams,wal WAL,DF,Liverpool,18,2001,2.6,1,0,0,5,2,0,14,8,2,0,0,0,36,5,4,55.6,Matches
505,Willian\Willian,br BRA,FW,Chelsea,30,1988,28.9,4,0,0,17,45,4,175,20,27,1,0,0,221,10,23,30.3,Matches
506,Joe Willock\Joe-Willock,eng ENG,MFFW,Arsenal,19,1999,9.5,2,0,0,10,13,0,7,3,15,0,0,0,100,9,15,37.5,Matches
507,Jack Wilshere\Jack-Wilshere,eng ENG,MF,West Ham,27,1992,2.4,0,0,0,1,8,0,0,1,0,0,0,0,19,6,0,100.0,Matches
508,Callum Wilson\Callum-Wilson,eng ENG,FW,Bournemouth,27,1992,32.3,10,0,0,55,40,34,21,3,12,2,0,0,125,54,152,26.2,Matches
509,Harry Wilson\Harry-Wilson,wal WAL,MFFW,Bournemouth,22,1997,18.3,2,0,0,12,41,1,35,12,11,0,2,0,146,10,19,34.5,Matches
510,Harry Winks\Harry-Winks,eng ENG,MF,Tottenham,23,1996,24.7,9,0,0,24,23,0,27,37,23,0,0,0,233,15,9,62.5,Matches
511,Chris Wood\Chris-Wood,nz NZL,FW,Burnley,27,1991,27.1,1,0,0,34,28,34,8,4,6,0,0,1,88,113,188,37.5,Matches
512,Granit Xhaka\Granit-Xhaka,ch SUI,MF,Arsenal,26,1992,28.7,10,0,0,56,32,0,16,21,27,0,1,0,319,51,52,49.5,Matches
513,Andriy Yarmolenko\Andriy-Yarmolenko,ua UKR,MFFW,West Ham,29,1989,11.0,2,0,0,16,10,8,19,6,10,0,0,0,71,6,12,33.3,Matches
514,DeAndre Yedlin\DeAndre-Yedlin,us USA,DF,Newcastle Utd,26,1993,10.4,3,0,0,8,9,2,26,9,14,0,0,0,63,7,15,31.8,Matches
515,Maya Yoshida\Maya-Yoshida,jp JPN,DF,Southampton,30,1988,6.2,1,0,0,3,5,0,0,3,5,0,0,0,53,14,8,63.6,Matches
516,Ashley Young\Ashley-Young,eng ENG,DF,Manchester Utd,34,1985,10.6,5,0,0,14,16,0,62,10,4,0,0,0,95,15,9,62.5,Matches
517,Pablo Zabaleta\Pablo-Zabaleta,ar ARG,DF,West Ham,34,1985,6.6,2,0,0,7,9,0,15,13,10,0,0,0,62,8,9,47.1,Matches
518,Wilfried Zaha\Wilfried-Zaha,ci CIV,MFFW,Crystal Palace,26,1992,36.4,5,0,0,48,119,16,67,16,31,1,0,0,232,16,38,29.6,Matches
519,Christoph Zimmermann\Christoph-Zimmermann,de GER,DF,Norwich City,26,1993,15.9,3,0,0,9,9,0,0,18,21,0,2,0,146,39,12,76.5,Matches
520,Oleksandr Zinchenko\Oleksandr-Zinchenko,ua UKR,DF,Manchester City,22,1996,14.2,2,1,1,13,2,1,53,15,16,0,0,0,155,28,19,59.6,Matches
521,Richairo Živković\Richairo-Zivkovic,nl NED,FW,Sheffield Utd,22,1996,1.2,0,0,0,1,1,0,1,0,2,0,0,0,2,1,9,10.0,Matches
522,Kurt Zouma\Kurt-Zouma,fr FRA,DF,Chelsea,24,1994,26.0,6,0,0,30,14,1,0,55,17,0,1,1,307,99,30,76.7,Matches