,,,,,,,,,Pass Types,Pass Types,Pass Types,Pass Types,Pass Types,Pass Types,Pass Types,Pass Types,Corner Kicks,Corner Kicks,Corner Kicks,Height,Height,Height,Body Parts,Body Parts,Body Parts,Body Parts,Body Parts,Outcomes,Outcomes,Outcomes,Outcomes,Outcomes,
Rk,Player,Nation,Pos,Squad,Age,Born,90s,Att,Live,Dead,FK,TB,Press,Sw,Crs,CK,In,Out,Str,Ground,Low,High,Left,Right,Head,TI,Other,Cmp,Off,Out,Int,Blocks,Matches
1,Patrick van Aanholt\Patrick-van-Aanholt,nl NED,DF,Crystal Palace,28,1990,27.9,1558,1175,383,62,0,222,35,88,45,23,15,3,930,322,306,997,256,21,275,3,1227,8,14,36,47,Matches
2,Max Aarons\Max-Aarons,eng ENG,DF,Norwich City,19,2000,36.0,1684,1356,328,27,1,291,10,72,0,0,0,0,1018,391,275,219,1102,45,301,2,1316,0,33,22,70,Matches
3,Tammy Abraham\Tammy-Abraham,eng ENG,FW,Chelsea,21,1997,24.6,412,360,52,0,0,149,5,10,0,0,0,0,259,81,72,31,306,17,0,17,288,1,6,8,26,Matches
4,Che Adams\Che-Adams,eng ENG,FW,Southampton,23,1996,12.3,265,257,8,0,3,73,8,14,0,0,0,0,160,67,38,18,211,11,0,5,184,1,9,8,20,Matches
5,Adrián\Adrian,es ESP,GK,Liverpool,32,1987,9.7,314,219,95,27,0,40,12,0,0,0,0,0,150,24,140,31,217,1,0,49,227,0,9,0,1,Matches
6,Sergio Agüero\Sergio-Aguero,ar ARG,FW,Manchester City,31,1988,16.1,367,349,18,1,5,90,1,10,0,0,0,0,273,71,23,41,303,11,1,9,284,0,4,11,15,Matches
7,Albian Ajeti\Albian-Ajeti,ch SUI,MFFW,West Ham,22,1997,1.5,18,17,1,0,0,5,0,0,0,0,0,0,6,8,4,2,12,3,0,0,15,0,0,0,0,Matches
8,Nathan Aké\Nathan-Ake,nl NED,DF,Bournemouth,24,1995,27.8,1183,1130,53,33,1,150,15,4,0,0,0,0,852,134,197,840,209,92,20,1,1042,2,11,5,13,Matches
9,Marc Albrighton\Marc-Albrighton,eng ENG,MFDF,Leicester City,29,1989,9.6,508,473,35,0,1,81,25,68,10,2,6,0,292,82,134,51,411,17,25,3,344,0,14,9,30,Matches
10,Toby Alderweireld\Toby-Alderweireld,be BEL,DF,Tottenham,30,1989,32.9,1895,1814,81,72,6,205,65,8,0,0,0,0,1238,190,467,340,1402,101,9,7,1567,10,39,9,12,Matches
11,Trent Alexander-Arnold\Trent-Alexander-Arnold,eng ENG,DF,Liverpool,20,1998,35.3,3147,2495,652,86,8,415,226,377,162,43,74,8,1472,567,1108,313,2330,83,404,7,2254,11,84,35,111,Matches
12,Alisson\Alisson,br BRA,GK,Liverpool,26,1992,28.3,925,701,224,54,1,133,28,0,0,0,0,0,590,85,250,65,688,2,0,132,794,2,19,3,0,Matches
13,Dele Alli\Dele-Alli,eng ENG,MFFW,Tottenham,23,1996,20.5,805,747,58,9,6,195,8,7,4,0,0,1,587,139,79,33,702,30,17,8,621,6,8,16,37,Matches
14,Miguel Almirón\Miguel-Almiron,py PAR,MFFW,Newcastle Utd,25,1994,33.6,894,881,13,2,2,207,22,42,1,0,1,0,635,145,114,777,67,29,8,8,682,3,16,31,40,Matches
15,Marcos Alonso\Marcos-Alonso,es ESP,DF,Chelsea,28,1990,15.9,1108,941,167,8,0,228,21,67,1,1,0,0,674,231,203,788,93,44,158,0,916,1,15,11,30,Matches
16,Steven Alzate\Steven-Alzate,co COL,MFDF,Brighton,20,1998,13.2,664,609,55,5,1,135,9,9,0,0,0,0,471,133,60,30,540,33,50,1,564,1,5,15,16,Matches
17,Ibrahim Amadou\Ibrahim-Amadou,fr FRA,DFMF,Norwich City,26,1993,8.4,361,354,7,4,0,68,5,1,0,0,0,0,285,35,41,23,314,17,2,1,310,1,4,7,5,Matches
18,Felipe Anderson\Felipe-Anderson,br BRA,MFFW,West Ham,26,1993,16.6,934,903,31,9,3,188,23,36,5,3,1,0,635,174,125,124,750,31,12,13,725,3,14,28,40,Matches
19,Florin Andone\Florin-Andone,ro ROU,MFFW,Brighton,26,1993,0.8,12,11,1,0,0,5,0,0,1,0,0,0,8,2,2,2,6,2,0,1,8,0,0,1,1,Matches
20,Angeliño\Angelino,es ESP,DF,Manchester City,22,1997,4.7,426,377,49,3,0,70,7,42,0,0,0,0,267,78,81,342,15,18,46,1,335,1,9,5,14,Matches
21,Faustino Anjorin\Faustino-Anjorin,eng ENG,FW,Chelsea,17,2001,0.2,7,7,0,0,0,1,0,0,0,0,0,0,7,0,0,0,7,0,0,0,7,0,0,0,0,Matches
22,Michail Antonio\Michail-Antonio,eng ENG,FW,West Ham,29,1990,19.6,507,467,40,1,5,169,14,49,0,0,0,0,249,133,125,49,335,30,25,15,325,4,10,6,36,Matches
23,Stuart Armstrong\Stuart-Armstrong,sco SCO,MF,Southampton,27,1992,19.1,612,593,19,0,2,157,8,23,0,0,0,0,390,136,86,131,432,22,15,4,466,2,10,16,32,Matches
24,Kepa Arrizabalaga\Kepa-Arrizabalaga,es ESP,GK,Chelsea,24,1994,33.0,1086,832,254,54,0,119,22,0,0,0,0,0,702,62,322,157,772,2,1,145,877,5,14,9,2,Matches
25,Christian Atsu\Christian-Atsu,gh GHA,FWMF,Newcastle Utd,27,1992,8.3,208,198,10,2,1,45,8,17,6,2,2,0,147,20,41,168,26,9,1,0,163,2,5,4,6,Matches
26,Pierre-Emerick Aubameyang\Pierre-Emerick-Aubameyang,ga GAB,FW,Arsenal,30,1989,34.8,888,856,32,0,1,243,10,86,2,0,0,0,558,173,157,99,735,23,2,3,612,2,23,23,50,Matches
27,Serge Aurier\Serge-Aurier,ci CIV,DF,Tottenham,26,1992,30.0,1654,1380,274,16,1,274,21,134,0,0,0,0,915,418,321,171,1092,94,258,3,1262,3,27,31,70,Matches
28,Jordan Ayew\Jordan-Ayew,gh GHA,FWMF,Crystal Palace,27,1991,35.0,838,801,37,2,2,247,10,25,1,0,0,0,588,154,96,50,684,31,12,16,686,3,9,18,32,Matches
29,César Azpilicueta\Cesar-Azpilicueta,es ESP,DF,Chelsea,29,1989,35.9,2838,2436,402,25,1,401,44,118,0,0,0,0,1720,515,603,280,2009,109,377,8,2267,8,40,39,96,Matches
30,Eric Bailly\Eric-Bailly,ci CIV,DF,Manchester Utd,25,1994,1.7,72,72,0,0,0,7,1,0,0,0,0,0,47,14,11,10,52,5,0,1,64,0,0,0,1,Matches
31,Leighton Baines\Leighton-Baines,eng ENG,DF,Everton,34,1984,4.5,209,158,51,5,0,18,8,27,11,4,2,5,115,40,54,141,20,9,35,0,168,2,0,2,9,Matches
32,Fabián Balbuena\Fabian-Balbuena,py PAR,DF,West Ham,27,1991,13.1,487,469,18,13,1,81,21,1,0,0,0,0,288,67,132,69,357,31,5,4,361,3,8,8,13,Matches
33,George Baldock\George-Baldock,eng ENG,DF,Sheffield Utd,26,1993,38.0,1552,1249,303,7,1,271,25,128,1,1,0,0,765,371,416,51,1108,69,295,7,1173,4,32,17,87,Matches
34,Phil Bardsley\Phil-Bardsley,sco SCO,DF,Burnley,34,1985,21.0,897,662,235,16,2,93,23,30,0,0,0,0,335,182,380,71,529,60,219,1,599,6,30,6,29,Matches
35,Ross Barkley\Ross-Barkley,eng ENG,MF,Chelsea,25,1993,12.3,616,606,10,5,2,158,27,12,3,1,1,0,476,77,63,82,513,10,2,2,540,2,6,10,8,Matches
36,Ashley Barnes\Ashley-Barnes,at AUT,FW,Burnley,29,1989,15.0,253,244,9,0,1,97,1,5,0,0,0,0,123,59,71,46,142,22,1,8,155,1,10,9,13,Matches
37,Harvey Barnes\Harvey-Barnes,eng ENG,MFFW,Leicester City,21,1997,23.1,729,725,4,2,3,181,8,42,0,0,0,0,504,123,102,108,569,22,2,9,559,4,10,21,34,Matches
38,Chris Basham\Chris-Basham,eng ENG,DF,Sheffield Utd,31,1988,36.0,1461,1290,171,20,0,247,35,50,0,0,0,0,773,252,436,117,1003,139,151,5,1084,5,48,13,28,Matches
39,Borja Bastón\Borja-Baston,es ESP,MFFW,Aston Villa,26,1992,0.2,5,5,0,0,0,2,0,0,0,0,0,0,2,1,2,0,4,0,0,0,4,0,0,0,0,Matches
40,Michy Batshuayi\Michy-Batshuayi,be BEL,FW,Chelsea,25,1993,2.7,76,70,6,0,0,16,2,0,0,0,0,0,53,14,9,23,48,0,0,1,61,0,0,3,3,Matches
41,Jan Bednarek\Jan-Bednarek,pl POL,DF,Southampton,23,1996,34.0,1434,1371,63,28,1,177,25,1,0,0,0,0,906,153,375,224,975,140,34,4,1143,3,26,12,16,Matches
42,Héctor Bellerín\Hector-Bellerin,es ESP,DF,Arsenal,24,1995,12.9,686,557,129,16,2,98,5,26,0,0,0,0,420,159,107,50,488,26,113,0,558,2,8,11,29,Matches
43,Ryan Bennett\Ryan-Bennett,eng ENG,DF,Wolves,29,1990,6.7,239,224,15,3,0,41,8,4,0,0,0,0,134,26,79,14,180,17,12,2,185,1,5,3,1,Matches
44,Ryan Bennett\Ryan-Bennett,eng ENG,DF,Leicester City,29,1990,3.7,221,200,21,1,0,31,5,2,0,0,0,0,128,26,67,21,162,11,20,1,174,0,6,2,4,Matches
45,Nabil Bentaleb\Nabil-Bentaleb,dz ALG,MF,Newcastle Utd,24,1994,8.3,404,392,12,12,0,63,19,0,0,0,0,0,292,57,55,308,60,18,0,3,347,1,9,8,7,Matches
46,Christian Benteke\Christian-Benteke,be BEL,FW,Crystal Palace,28,1990,14.0,326,313,13,0,2,145,5,5,0,0,0,0,143,85,98,21,165,37,0,9,190,0,5,11,14,Matches
47,Jóhann Berg Guðmundsson\Johann-Berg-Gudmundsson,is ISL,MF,Burnley,28,1990,6.9,192,185,7,0,0,40,16,35,6,6,0,0,99,33,60,151,28,9,1,0,132,0,3,1,5,Matches
48,Sander Berge\Sander-Berge,no NOR,MF,Sheffield Utd,21,1998,10.5,386,377,9,6,0,106,9,23,0,0,0,0,261,70,55,36,302,19,3,2,298,0,12,4,14,Matches
49,Steven Bergwijn\Steven-Bergwijn,nl NED,FWMF,Tottenham,21,1997,7.8,259,247,12,4,0,68,2,10,3,2,0,0,178,50,31,11,224,11,2,5,225,0,5,2,3,Matches
50,Bernard\Bernard,br BRA,MFFW,Everton,26,1992,14.2,573,559,14,2,4,116,12,36,6,5,0,0,419,77,77,147,409,11,1,4,426,0,14,15,31,Matches
51,Bernardo\Bernardo,br BRA,DF,Brighton,24,1995,7.5,383,332,51,1,0,81,1,17,0,0,0,0,199,92,92,254,32,25,50,2,286,0,12,9,14,Matches
52,Ryan Bertrand\Ryan-Bertrand,eng ENG,DF,Southampton,29,1989,30.5,1656,1239,417,48,0,257,45,117,25,7,10,7,833,336,487,1083,88,93,344,6,1244,6,29,29,61,Matches
53,Muhamed Bešić\Muhamed-Besic,ba BIH,MF,Sheffield Utd,26,1992,2.8,106,104,2,2,0,24,5,1,0,0,0,0,69,20,17,14,80,8,0,0,86,0,0,3,5,Matches
54,Philip Billing\Philip-Billing,dk DEN,MF,Bournemouth,23,1996,28.1,1179,1120,59,20,4,283,20,15,0,0,0,0,700,218,261,828,130,100,39,5,878,5,41,19,29,Matches
55,Yves Bissouma\Yves-Bissouma,ml MLI,MF,Brighton,22,1996,14.0,622,610,12,10,0,105,24,6,0,0,0,0,433,103,86,49,537,17,2,6,525,2,10,10,10,Matches
56,Willy Boly\Willy-Boly,fr FRA,DF,Wolves,28,1991,22.0,959,941,18,14,4,148,14,2,0,0,0,0,658,103,198,103,755,53,4,3,793,3,14,9,12,Matches
57,Gaëtan Bong\Gaetan-Bong,cm CMR,MFDF,Brighton,31,1988,0.7,35,32,3,1,0,3,1,5,0,0,0,0,23,2,10,32,1,0,2,0,24,0,1,1,3,Matches
58,Sofiane Boufal\Sofiane-Boufal,ma MAR,MFFW,Southampton,25,1993,8.5,325,317,8,1,1,96,8,27,1,0,0,0,222,54,49,62,236,12,6,1,247,0,9,6,14,Matches
59,Jarrod Bowen\Jarrod-Bowen,eng ENG,FW,West Ham,22,1996,10.2,276,247,29,4,1,47,22,59,25,20,1,0,157,38,81,204,59,9,0,1,188,0,8,2,16,Matches
60,Robbie Brady\Robbie-Brady,ie IRL,MF,Burnley,27,1992,5.0,167,158,9,3,0,49,4,12,4,4,0,0,87,29,51,119,21,14,2,0,108,1,5,6,4,Matches
61,Jarrad Branthwaite\Jarrad-Branthwaite,eng ENG,DF,Everton,17,2002,3.3,212,206,6,4,0,9,5,0,0,0,0,0,173,12,27,148,55,7,0,0,187,0,8,0,0,Matches
62,Claudio Bravo\Claudio-Bravo,cl CHI,GK,Manchester City,36,1983,3.9,132,96,36,8,0,20,5,0,0,0,0,0,69,15,48,11,105,0,0,13,101,0,4,2,0,Matches
63,Armando Broja\Armando-Broja,al ALB,FW,Chelsea,17,2001,0.1,2,2,0,0,0,2,0,0,0,0,0,0,1,1,0,0,1,0,0,1,2,0,0,0,0,Matches
64,David Brooks\David-Brooks,wal WAL,MF,Bournemouth,22,1997,5.6,179,157,22,3,2,22,7,24,12,6,4,0,93,49,37,132,44,2,1,0,121,1,5,2,8,Matches
65,Josh Brownhill\Josh-Brownhill,eng ENG,MF,Burnley,23,1995,8.9,340,332,8,4,0,47,6,2,0,0,0,0,206,57,77,41,246,31,3,2,276,3,7,3,3,Matches
66,Emi Buendía\Emi-Buendia,ar ARG,FWMF,Norwich City,22,1996,27.4,1534,1343,191,66,16,378,87,166,108,46,50,10,1040,201,293,199,1272,29,17,2,1144,8,27,37,52,Matches
67,Dan Burn\Dan-Burn,eng ENG,DF,Brighton,27,1992,32.0,1841,1565,276,12,1,344,21,52,1,0,0,1,999,367,475,1211,162,111,263,2,1389,4,43,22,62,Matches
68,Sam Byram\Sam-Byram,eng ENG,DF,Norwich City,25,1993,14.4,763,624,139,11,0,145,2,7,0,0,0,0,406,199,158,107,450,54,128,5,625,2,17,7,16,Matches
69,Willy Caballero\Willy-Caballero,ar ARG,GK,Chelsea,37,1981,5.0,165,134,31,3,0,15,3,0,0,0,0,0,78,6,81,30,112,0,0,15,121,0,2,0,0,Matches
70,Gary Cahill\Gary-Cahill,eng ENG,DF,Crystal Palace,33,1985,24.1,953,914,39,36,0,157,26,0,0,0,0,0,659,115,179,93,747,63,3,7,826,0,20,3,9,Matches
71,Dominic Calvert-Lewin\Dominic-Calvert-Lewin,eng ENG,FW,Everton,22,1997,29.2,594,568,26,3,3,215,7,19,0,0,0,0,271,179,144,60,323,60,1,23,393,3,9,7,25,Matches
72,Víctor Camarasa\Victor-Camarasa,es ESP,MF,Crystal Palace,25,1994,0.1,3,3,0,0,0,1,0,0,0,0,0,0,3,0,0,0,3,0,0,0,3,0,0,0,0,Matches
73,João Cancelo\Joao-Cancelo,pt POR,DF,Manchester City,25,1994,13.4,1147,1044,103,6,4,141,27,47,1,0,1,0,825,189,133,141,869,28,96,3,1008,4,14,16,21,Matches
74,Todd Cantwell\Todd-Cantwell,eng ENG,FWMF,Norwich City,21,1998,27.7,1106,1069,37,13,1,259,29,25,4,0,1,0,818,181,107,93,950,30,15,9,884,6,35,23,38,Matches
75,Étienne Capoue\Etienne-Capoue,fr FRA,MF,Watford,31,1988,29.2,1430,1348,82,38,4,185,76,23,7,4,3,0,838,246,346,212,1069,104,3,9,1158,3,17,15,20,Matches
76,Andy Carroll\Andy-Carroll,eng ENG,FW,Newcastle Utd,30,1989,7.0,207,202,5,0,1,102,7,5,0,0,0,0,78,63,66,81,45,13,0,11,134,1,7,2,4,Matches
77,Jonny Castro\Jonny-Castro,es ESP,DF,Wolves,25,1994,32.1,1445,1132,313,8,0,267,18,52,2,1,0,0,821,403,221,336,724,52,303,5,1177,3,22,23,47,Matches
78,Craig Cathcart\Craig-Cathcart,nir NIR,DF,Watford,30,1989,27.6,864,841,23,18,0,138,32,1,0,0,0,0,521,120,223,196,549,75,5,3,719,2,14,7,5,Matches
79,Dani Ceballos\Dani-Ceballos,es ESP,MF,Arsenal,22,1996,18.8,1301,1199,102,35,4,200,54,72,63,12,19,9,949,149,203,73,1198,16,4,3,1096,3,17,19,36,Matches
80,Nathaniel Chalobah\Nathaniel-Chalobah,eng ENG,MF,Watford,24,1994,10.3,358,335,23,7,2,89,15,21,13,2,2,5,211,76,71,61,259,22,2,0,263,1,7,6,18,Matches
81,Calum Chambers\Calum-Chambers,eng ENG,DF,Arsenal,24,1995,12.2,865,773,92,8,0,159,15,34,0,0,0,0,594,144,127,54,684,27,83,1,702,1,10,9,31,Matches
82,Ben Chilwell\Ben-Chilwell,eng ENG,DF,Leicester City,22,1996,26.4,1956,1653,303,32,3,326,40,104,7,0,3,0,1165,381,410,1414,183,53,264,4,1528,3,42,32,63,Matches
83,Tahith Chong\Tahith-Chong,nl NED,FWMF,Manchester Utd,19,1999,0.4,14,14,0,0,0,2,0,0,0,0,0,0,13,1,0,14,0,0,0,0,9,0,1,2,1,Matches
84,Hamza Choudhury\Hamza-Choudhury,eng ENG,MF,Leicester City,21,1997,9.9,494,481,13,12,0,65,5,4,0,0,0,0,389,45,60,35,418,34,0,1,428,0,4,8,9,Matches
85,Andreas Christensen\Andreas-Christensen,dk DEN,DF,Chelsea,23,1996,19.5,1258,1224,34,29,1,170,33,0,0,0,0,0,1047,83,128,80,1108,31,5,3,1166,3,16,7,6,Matches
86,Ciaran Clark\Ciaran-Clark,ie IRL,DF,Newcastle Utd,29,1989,13.2,322,297,25,10,0,58,7,0,0,0,0,0,182,43,97,227,42,24,15,1,253,0,9,2,4,Matches
87,Leon Clarke\Leon-Clarke,eng ENG,FWMF,Sheffield Utd,34,1985,0.4,7,7,0,0,0,2,0,0,0,0,0,0,2,3,2,2,2,1,0,0,5,0,0,0,0,Matches
88,Tom Cleverley\Tom-Cleverley,eng ENG,MF,Watford,29,1989,10.8,470,442,28,14,1,72,14,28,6,1,2,2,280,79,111,54,377,27,5,2,366,3,9,4,10,Matches
89,Conor Coady\Conor-Coady,eng ENG,DF,Wolves,26,1993,38.0,1782,1748,34,33,3,218,99,0,0,0,0,0,1059,208,515,68,1584,106,1,4,1531,3,25,15,15,Matches
90,Séamus Coleman\Seamus-Coleman,ie IRL,DF,Everton,30,1988,20.4,1058,835,223,13,1,170,15,42,0,0,0,0,539,238,281,118,671,44,210,1,813,3,18,21,46,Matches
91,Aaron Connolly\Aaron-Connolly,ie IRL,FW,Brighton,19,2000,14.0,163,148,15,0,1,50,0,9,0,0,0,0,90,52,21,27,107,13,1,6,126,0,1,4,10,Matches
92,Lewis Cook\Lewis-Cook,eng ENG,MF,Bournemouth,22,1997,15.0,719,698,21,12,5,131,18,9,1,0,0,0,434,161,124,41,633,24,7,1,560,5,11,14,24,Matches
93,Steve Cook\Steve-Cook,eng ENG,DF,Bournemouth,28,1991,27.0,1222,1163,59,41,2,177,20,2,0,0,0,0,754,155,313,43,1016,95,18,1,993,4,22,7,12,Matches
94,Jack Cork\Jack-Cork,eng ENG,MF,Burnley,30,1989,29.0,933,926,7,3,3,243,26,6,0,0,0,0,589,148,196,101,723,59,4,3,743,6,13,9,16,Matches
95,Aaron Cresswell\Aaron-Cresswell,eng ENG,DF,West Ham,29,1989,30.3,1681,1292,389,45,3,242,38,127,19,11,5,0,796,359,526,1201,81,41,325,1,1241,6,41,19,77,Matches
96,Patrick Cutrone\Patrick-Cutrone,it ITA,FW,Wolves,21,1998,3.3,56,49,7,0,0,21,2,6,0,0,0,0,33,11,12,9,40,1,0,3,38,0,4,1,0,Matches
97,Diogo Dalot\Diogo-Dalot,pt POR,DF,Manchester Utd,20,1999,0.7,64,50,14,0,0,8,0,3,1,0,0,0,34,20,10,7,40,2,13,1,51,0,1,2,1,Matches
98,Charlie Daniels\Charlie-Daniels,eng ENG,DF,Bournemouth,32,1986,1.4,49,39,10,4,0,7,4,5,0,0,0,0,25,9,15,42,1,0,6,0,35,2,4,0,0,Matches
99,Scott Dann\Scott-Dann,eng ENG,DF,Crystal Palace,32,1987,14.1,555,526,29,28,0,70,14,2,0,0,0,0,352,87,116,65,416,51,1,3,461,0,5,7,9,Matches
100,Kevin Danso\Kevin-Danso,at AUT,DF,Southampton,20,1998,3.1,159,125,34,1,0,32,4,4,0,0,0,0,93,24,42,10,105,6,33,0,115,0,4,5,3,Matches
101,Ben Davies\Ben-Davies,wal WAL,DF,Tottenham,26,1993,15.9,956,786,170,16,1,125,12,30,0,0,0,0,545,199,212,653,80,41,154,2,730,2,14,25,32,Matches
102,Tom Davies\Tom-Davies,eng ENG,MF,Everton,21,1998,22.5,870,840,30,17,6,161,26,8,0,0,0,0,557,152,161,103,673,59,5,5,681,3,17,12,26,Matches
103,Keinan Davis\Keinan-Davis,eng ENG,FW,Aston Villa,21,1998,6.1,141,135,6,0,0,56,0,1,0,0,0,0,101,22,18,98,20,6,1,2,107,0,3,1,5,Matches
104,Craig Dawson\Craig-Dawson,eng ENG,DF,Watford,29,1990,26.2,908,878,30,13,1,149,52,4,0,0,0,0,532,144,232,53,719,64,17,9,729,5,24,8,13,Matches
105,Kevin De Bruyne\Kevin-De-Bruyne,be BEL,MF,Manchester City,28,1991,31.0,2244,1975,269,52,32,365,135,304,177,62,51,17,1475,310,459,262,1888,41,36,3,1674,13,38,61,96,Matches
106,Troy Deeney\Troy-Deeney,eng ENG,FW,Watford,31,1988,24.7,707,685,22,0,4,257,6,10,1,0,0,0,245,257,205,26,397,122,1,13,405,6,24,17,30,Matches
107,Fabian Delph\Fabian-Delph,eng ENG,MF,Everton,29,1989,13.2,778,763,15,11,2,122,28,8,0,0,0,0,550,113,115,483,250,28,2,3,676,2,13,6,7,Matches
108,Leander Dendoncker\Leander-Dendoncker,be BEL,MFDF,Wolves,24,1995,31.1,1284,1267,17,14,1,191,41,8,0,0,0,0,908,178,198,209,907,103,2,2,1087,4,8,20,25,Matches
109,Gerard Deulofeu\Gerard-Deulofeu,es ESP,FW,Watford,25,1994,23.3,823,731,92,30,3,178,25,91,33,14,11,4,544,151,128,66,732,9,8,6,603,4,9,20,48,Matches
110,Eric Dier\Eric-Dier,eng ENG,DFMF,Tottenham,25,1994,14.9,876,857,19,18,0,140,28,3,0,0,0,0,597,100,179,118,653,55,1,2,713,4,13,16,7,Matches
111,Lucas Digne\Lucas-Digne,fr FRA,DF,Everton,26,1993,33.7,1946,1407,539,64,3,294,72,270,108,53,39,8,809,438,699,1281,104,112,367,7,1353,6,33,35,90,Matches
112,Virgil van Dijk\Virgil-van-Dijk,nl NED,DF,Liverpool,28,1991,38.0,3085,3000,85,74,8,324,131,0,0,0,0,0,2330,265,490,345,2476,152,11,6,2791,1,43,13,10,Matches
113,Issa Diop\Issa-Diop,fr FRA,DF,West Ham,22,1997,30.7,948,906,42,41,0,135,17,1,0,0,0,0,620,102,226,130,686,88,1,2,755,2,29,12,16,Matches
114,Moussa Djenepo\Moussa-Djenepo,ml MLI,MFDF,Southampton,21,1998,10.3,264,254,10,0,3,56,5,23,0,0,0,0,169,62,33,60,176,11,9,5,191,1,7,8,8,Matches
115,Matt Doherty\Matt-Doherty,ie IRL,DF,Wolves,27,1992,31.5,1793,1454,339,5,1,293,23,44,0,0,0,0,887,479,427,75,1180,116,334,12,1369,3,27,35,59,Matches
116,Abdoulaye Doucouré\Abdoulaye-Doucoure,fr FRA,MF,Watford,26,1993,35.1,1658,1645,13,8,2,348,24,26,1,0,0,0,1171,297,190,260,1283,68,0,6,1302,4,19,29,64,Matches
117,Thomas Doyle\Thomas-Doyle,eng ENG,MFFW,Manchester City,17,2001,0.2,19,18,1,1,0,1,0,0,0,0,0,0,19,0,0,4,15,0,0,0,19,0,0,0,0,Matches
118,Danny Drinkwater\Danny-Drinkwater,eng ENG,MF,Burnley,29,1990,0.6,20,19,1,1,0,3,1,0,0,0,0,0,9,2,9,3,14,3,0,0,11,0,2,0,1,Matches
119,Danny Drinkwater\Danny-Drinkwater,eng ENG,MF,Aston Villa,29,1990,2.9,167,163,4,4,0,32,7,1,0,0,0,0,96,44,27,35,126,3,0,0,136,0,5,2,6,Matches
120,Josip Drmić\Josip-Drmic,ch SUI,FWMF,Norwich City,26,1992,7.2,164,152,12,0,0,49,5,3,2,2,0,0,102,44,18,19,121,7,1,9,125,0,4,4,3,Matches
121,Martin Dúbravka\Martin-Dubravka,sk SVK,GK,Newcastle Utd,30,1989,38.0,1093,607,486,148,0,122,34,0,0,0,0,0,267,38,788,48,849,1,1,122,595,7,34,6,2,Matches
122,Ondrej Duda\Ondrej-Duda,sk SVK,MF,Norwich City,24,1994,8.0,382,345,37,10,0,73,17,43,24,8,15,0,226,82,74,41,309,13,1,11,298,0,7,7,13,Matches
123,Shane Duffy\Shane-Duffy,ie IRL,DF,Brighton,27,1992,13.8,613,577,36,32,0,98,35,1,0,0,0,0,391,86,136,39,482,48,4,8,515,1,16,3,7,Matches
124,Paul Dummett\Paul-Dummett,wal WAL,DF,Newcastle Utd,27,1991,13.6,502,450,52,11,0,104,11,15,0,0,0,0,262,71,169,382,30,29,41,3,358,2,12,6,16,Matches
125,Lewis Dunk\Lewis-Dunk,eng ENG,DF,Brighton,27,1991,35.9,2192,2094,98,66,1,262,116,1,0,0,0,0,1529,264,399,137,1858,106,32,19,1913,7,51,22,9,Matches
126,Ederson\Ederson,br BRA,GK,Manchester City,25,1993,34.1,1063,878,185,45,1,117,38,0,0,0,0,0,790,59,214,737,143,3,1,161,927,3,17,4,1,Matches
127,John Egan\John-Egan,ie IRL,DF,Sheffield Utd,26,1992,35.4,1212,1180,32,28,0,190,49,2,0,0,0,0,768,155,289,142,894,114,4,4,1017,2,30,2,6,Matches
128,Harvey Elliot\Harvey-Elliot,eng ENG,DF,Liverpool,16,2003,0.1,15,11,4,0,0,0,1,3,3,0,2,0,8,3,4,13,1,0,1,0,12,0,0,0,0,Matches
129,Ahmed Elmohamady\Ahmed-Elmohamady,eg EGY,DF,Aston Villa,31,1987,11.5,633,533,100,6,0,102,12,58,0,0,0,0,304,136,193,7,482,30,94,1,484,3,9,18,14,Matches
130,Björn Engels\Bjorn-Engels,be BEL,DF,Aston Villa,24,1994,16.1,605,586,19,17,0,91,29,2,0,0,0,0,399,68,138,53,491,31,2,1,503,2,9,5,4,Matches
131,Christian Eriksen\Christian-Eriksen,dk DEN,MFFW,Tottenham,27,1992,12.2,743,659,84,26,4,119,35,72,46,18,16,5,468,111,164,173,532,23,10,2,549,4,9,18,19,Matches
132,Jonny Evans\Jonny-Evans,nir NIR,DF,Leicester City,31,1988,37.6,2372,2285,87,72,2,306,60,8,0,0,0,0,1764,219,389,590,1585,117,15,5,2088,2,44,12,13,Matches
133,Łukasz Fabiański\Lukasz-Fabianski,pl POL,GK,West Ham,34,1985,23.5,672,409,263,69,0,61,21,0,0,0,0,0,128,40,504,21,506,0,0,91,378,4,19,1,3,Matches
134,Fabinho\Fabinho,br BRA,MF,Liverpool,25,1993,23.1,1528,1505,23,16,5,242,38,9,0,0,0,0,1051,211,266,105,1318,68,4,2,1334,2,18,9,15,Matches
135,Ralf Fährmann\Ralf-Fahrmann,de GER,GK,Norwich City,30,1988,0.2,10,7,3,0,0,0,0,0,0,0,0,0,6,1,3,2,6,0,0,2,7,0,1,0,0,Matches
136,Akin Famewo\Akin-Famewo,eng ENG,MF,Norwich City,20,1998,0.0,0,0,0,0,0,0,0,0,0,0,0,0,0,0,0,0,0,0,0,0,0,0,0,0,0,Matches
137,Kiko Femenía\Kiko-Femenia,es ESP,DF,Watford,28,1991,24.9,1289,1008,281,16,0,164,23,68,2,1,1,0,680,300,309,145,807,55,263,4,995,1,21,31,37,Matches
138,Bruno Fernandes\Bruno-Fernandes,pt POR,MF,Manchester Utd,24,1994,13.2,853,751,102,27,4,140,53,75,55,15,24,7,528,138,187,64,768,13,5,2,608,3,12,23,39,Matches
139,Gedson Fernandes\Gedson-Fernandes,pt POR,MFDF,Tottenham,20,1999,0.8,51,44,7,1,0,11,0,6,0,0,0,0,30,14,7,4,39,2,6,0,40,0,1,0,3,Matches
140,Federico Fernández\Federico-Fernandez,ar ARG,DF,Newcastle Utd,30,1989,29.1,1184,1052,132,41,1,167,51,27,0,0,0,0,717,146,321,69,937,56,90,1,907,4,39,19,24,Matches
141,Fernandinho\Fernandinho,br BRA,DF,Manchester City,34,1985,26.6,2190,2134,56,44,2,249,76,5,0,0,0,0,1709,193,288,243,1800,83,12,10,1985,6,23,12,22,Matches
142,Roberto Firmino\Roberto-Firmino,br BRA,FW,Liverpool,27,1991,33.2,1171,1141,30,3,8,306,8,8,0,0,0,0,874,205,92,152,927,55,11,13,931,3,7,51,55,Matches
143,John Fleck\John-Fleck,sco SCO,MF,Sheffield Utd,27,1991,28.0,1164,1030,134,31,3,224,63,147,77,50,10,5,680,215,269,987,96,57,7,8,854,8,23,22,48,Matches
144,Phil Foden\Phil-Foden,eng ENG,FWMF,Manchester City,19,2000,10.0,508,494,14,4,4,74,17,28,6,2,1,0,398,51,59,450,37,11,4,2,431,0,6,2,15,Matches
145,Pablo Fornals\Pablo-Fornals,es ESP,MFFW,West Ham,23,1996,24.1,897,860,37,10,6,222,31,62,19,4,9,3,594,167,136,106,753,23,2,5,680,0,13,17,55,Matches
146,Ben Foster\Ben-Foster,eng ENG,GK,Watford,36,1983,38.0,1203,736,467,174,0,96,56,0,0,0,0,0,174,57,972,794,162,1,1,122,535,13,36,7,3,Matches
147,Timothy Fosu-Mensah\Timothy-Fosu-Mensah,nl NED,DF,Manchester Utd,21,1998,1.5,73,66,7,0,0,4,1,2,0,0,0,0,51,13,9,15,47,4,7,0,62,0,2,1,1,Matches
148,Dimitri Foulquier\Dimitri-Foulquier,fr FRA,MFDF,Watford,26,1993,0.7,13,12,1,0,0,5,0,1,0,0,0,0,7,4,2,2,10,0,1,0,10,0,1,0,1,Matches
149,Juan Foyth\Juan-Foyth,ar ARG,DF,Tottenham,21,1998,0.8,60,52,8,1,0,12,3,0,0,0,0,0,44,8,8,6,46,0,7,0,53,1,1,1,0,Matches
150,Simon Francis\Simon-Francis,eng ENG,DF,Bournemouth,34,1985,10.8,544,504,40,11,1,123,18,16,0,0,0,0,272,126,146,48,403,34,29,2,425,0,10,9,6,Matches
151,Ryan Fraser\Ryan-Fraser,sco SCO,MFFW,Bournemouth,25,1994,23.0,950,818,132,35,9,205,29,173,64,25,20,8,516,180,254,195,697,27,19,5,648,4,18,16,38,Matches
152,Fred\Fred,br BRA,MF,Manchester Utd,26,1993,24.0,1714,1608,106,53,3,344,83,63,42,15,16,0,1231,232,251,1200,466,29,8,6,1463,2,18,20,37,Matches
153,Ryan Fredericks\Ryan-Fredericks,eng ENG,DF,West Ham,26,1992,24.9,1096,884,212,6,0,170,6,58,0,0,0,0,571,175,350,89,716,68,206,2,795,3,15,13,47,Matches
154,Kieron Freeman\Kieron-Freeman,wal WAL,FW,Sheffield Utd,27,1992,0.1,2,2,0,0,0,1,0,0,0,0,0,0,1,1,0,0,2,0,0,0,2,0,0,0,0,Matches
155,Luke Freeman\Luke-Freeman,eng ENG,MF,Sheffield Utd,27,1992,4.1,150,143,7,0,0,37,2,15,7,4,1,0,92,31,27,124,18,4,0,0,110,0,7,2,11,Matches
156,Christian Fuchs\Christian-Fuchs,at AUT,DF,Leicester City,33,1986,8.6,630,544,86,12,1,87,17,16,0,0,0,0,389,122,119,457,60,25,74,1,510,1,12,11,12,Matches
157,Eric García\Eric-Garcia,es ESP,DF,Manchester City,18,2001,8.8,705,698,7,6,0,51,17,1,0,0,0,0,641,29,35,63,625,11,1,1,672,1,3,2,4,Matches
158,James Garner\James-Garner,eng ENG,MF,Manchester Utd,18,2001,0.1,15,15,0,0,0,6,1,0,0,0,0,0,15,0,0,2,12,0,0,1,15,0,0,0,0,Matches
159,Dwight Gayle\Dwight-Gayle,eng ENG,FW,Newcastle Utd,28,1990,9.4,150,135,15,1,1,47,4,3,0,0,0,0,83,34,33,20,95,14,2,2,110,1,5,2,4,Matches
160,Paulo Gazzaniga\Paulo-Gazzaniga,ar ARG,GK,Tottenham,27,1992,17.9,516,350,166,26,1,63,10,0,0,0,0,0,223,15,278,21,393,0,0,58,319,2,14,0,2,Matches
161,Jean-Philippe Gbamin\Jean-Philippe-Gbamin,ci CIV,MF,Everton,23,1995,1.5,67,64,3,3,0,9,3,0,0,0,0,0,46,7,14,7,55,4,0,0,50,0,6,0,5,Matches
162,David de Gea\David-de-Gea,es ESP,GK,Manchester Utd,28,1990,38.0,934,590,344,78,0,108,23,0,0,0,0,0,545,80,309,55,695,0,1,148,726,1,18,3,5,Matches
163,Anwar El Ghazi\Anwar-El-Ghazi,nl NED,FWMF,Aston Villa,24,1995,22.8,615,574,41,3,0,154,30,106,17,7,5,0,331,134,150,95,450,29,16,4,402,4,28,9,47,Matches
164,Morgan Gibbs-White\Morgan-Gibbs-White,eng ENG,MFFW,Wolves,19,2000,1.4,82,80,2,1,1,17,0,3,0,0,0,0,49,17,16,3,68,5,1,2,66,1,2,1,1,Matches
165,Billy Gilmour\Billy-Gilmour,sco SCO,MF,Chelsea,18,2001,2.2,169,168,1,1,0,37,7,1,0,0,0,0,119,30,20,10,144,12,0,0,151,0,1,2,1,Matches
166,Olivier Giroud\Olivier-Giroud,fr FRA,FW,Chelsea,32,1986,11.0,306,281,25,0,2,93,1,2,0,0,0,0,135,115,56,182,43,37,0,16,207,0,4,8,12,Matches
167,Ben Godfrey\Ben-Godfrey,eng ENG,DF,Norwich City,21,1998,29.4,1606,1559,47,35,1,256,76,3,0,0,0,0,1244,162,200,139,1369,53,12,2,1413,1,35,18,16,Matches
168,André Gomes\Andre-Gomes,pt POR,MF,Everton,26,1993,16.2,859,833,26,16,1,121,65,12,1,0,1,0,561,135,163,226,589,28,2,3,719,2,24,11,18,Matches
169,Angel Gomes\Angel-Gomes,eng ENG,MF,Manchester Utd,18,2000,0.2,13,13,0,0,1,0,1,0,0,0,0,0,10,0,3,0,13,0,0,0,11,0,2,0,0,Matches
170,Joe Gomez\Joe-Gomez,eng ENG,DF,Liverpool,22,1997,22.3,1960,1910,50,35,1,211,63,9,0,0,0,0,1469,187,304,128,1669,89,15,1,1743,2,22,5,11,Matches
171,Anthony Gordon\Anthony-Gordon,eng ENG,MFFW,Everton,18,2001,4.9,124,114,10,6,1,16,2,8,0,0,0,0,99,12,13,8,112,3,0,1,96,1,2,1,4,Matches
172,Dan Gosling\Dan-Gosling,eng ENG,MF,Bournemouth,29,1990,14.0,510,500,10,4,0,124,6,3,0,0,0,0,325,111,74,50,415,26,1,2,405,1,12,10,21,Matches
173,Andre Gray\Andre-Gray,eng ENG,FW,Watford,28,1991,8.4,155,147,8,0,2,55,2,5,0,0,0,0,96,41,18,33,101,8,0,5,102,0,4,6,16,Matches
174,Demarai Gray\Demarai-Gray,eng ENG,MFFW,Leicester City,23,1996,6.9,326,312,14,4,3,70,11,31,6,3,1,1,244,48,34,27,286,2,4,5,271,2,4,3,14,Matches
175,Jack Grealish\Jack-Grealish,eng ENG,FWMF,Aston Villa,23,1995,35.9,1538,1335,203,74,5,345,83,140,78,48,6,9,1071,214,253,103,1363,20,30,7,1217,5,24,27,50,Matches
176,Mason Greenwood\Mason-Greenwood,eng ENG,FW,Manchester Utd,17,2001,14.7,488,485,3,0,0,101,12,10,2,0,1,0,391,51,46,382,93,9,0,0,416,1,6,7,11,Matches
177,Arnaut Groeneveld\Arnaut-Groeneveld,nl NED,MF,Bournemouth,22,1997,7.0,227,221,6,1,0,63,5,9,3,2,1,0,160,41,26,30,184,10,2,0,181,1,4,5,14,Matches
178,Pascal Groß\Pascal-Gross,de GER,FWMF,Brighton,28,1991,20.0,1028,888,140,48,3,195,66,146,80,22,31,19,605,152,271,179,802,26,3,4,762,9,16,16,37,Matches
179,Vicente Guaita\Vicente-Guaita,es ESP,GK,Crystal Palace,32,1987,35.0,1053,698,355,81,0,114,28,0,0,0,0,0,306,68,679,78,732,1,1,164,591,6,49,0,0,Matches
180,Mattéo Guendouzi\Matteo-Guendouzi,fr FRA,MF,Arsenal,20,1999,19.4,1144,1108,36,26,3,224,29,6,1,0,0,0,929,112,103,62,1032,34,8,5,1018,3,6,18,32,Matches
181,Frederic Guilbert\Frederic-Guilbert,fr FRA,DF,Aston Villa,24,1994,22.7,1026,807,219,13,1,139,26,91,1,0,0,0,439,225,362,94,629,68,205,7,687,8,35,18,51,Matches
182,İlkay Gündoğan\Ilkay-Gundogan,de GER,MF,Manchester City,28,1990,22.4,1956,1895,61,28,11,348,44,30,23,10,4,2,1515,251,190,540,1353,42,5,3,1779,3,13,24,24,Matches
183,Angus Gunn\Angus-Gunn,eng ENG,GK,Southampton,23,1996,10.0,256,144,112,33,0,19,9,0,0,0,0,0,58,11,187,8,202,0,0,24,111,0,10,2,0,Matches
184,Sébastien Haller\Sebastien-Haller,fr FRA,FW,West Ham,25,1994,25.2,766,735,31,0,2,322,4,8,0,0,0,0,350,199,217,82,439,58,0,23,522,3,8,21,28,Matches
185,Grant Hanley\Grant-Hanley,sco SCO,DF,Norwich City,27,1991,14.0,639,606,33,33,0,97,21,0,0,0,0,0,464,64,111,66,527,32,0,1,538,2,14,4,6,Matches
186,Kortney Hause\Kortney-Hause,eng ENG,DF,Aston Villa,24,1995,17.2,789,743,46,25,0,141,26,0,0,0,0,0,418,125,246,569,77,61,21,1,591,4,20,12,15,Matches
187,Isaac Hayden\Isaac-Hayden,eng ENG,MF,Newcastle Utd,24,1995,24.7,833,784,49,15,3,199,12,38,0,0,0,0,548,116,169,104,622,53,12,5,630,2,15,14,36,Matches
188,Tom Heaton\Tom-Heaton,eng ENG,GK,Aston Villa,33,1986,19.9,614,342,272,76,0,62,17,0,0,0,0,0,210,22,382,28,461,1,0,95,350,2,22,1,0,Matches
189,Dean Henderson\Dean-Henderson,eng ENG,GK,Sheffield Utd,22,1997,36.0,1035,658,377,119,0,75,26,0,0,0,0,0,131,58,846,61,739,0,0,100,424,3,57,3,6,Matches
190,Jordan Henderson\Jordan-Henderson,eng ENG,MF,Liverpool,29,1990,24.9,1879,1834,45,16,14,275,73,58,1,0,0,0,1224,270,385,209,1565,68,13,4,1582,4,20,15,40,Matches
191,Jeff Hendrick\Jeff-Hendrick,ie IRL,MF,Burnley,27,1992,21.5,575,548,27,3,0,135,12,31,6,6,0,0,370,79,126,60,461,29,7,6,420,5,15,11,40,Matches
192,Wayne Hennessey\Wayne-Hennessey,wal WAL,GK,Crystal Palace,32,1987,3.0,103,51,52,13,0,4,2,0,0,0,0,0,13,1,89,9,83,0,0,6,44,1,4,0,0,Matches
193,Javier Hernández\Javier-Hernandez,mx MEX,FW,West Ham,31,1988,1.2,22,18,4,0,0,3,0,1,0,0,0,0,17,3,2,6,14,1,0,1,19,0,0,0,1,Matches
194,Onel Hernández\Onel-Hernandez,cu CUB,FWMF,Norwich City,26,1993,15.4,335,326,9,0,1,86,2,24,1,0,0,0,252,52,31,59,253,11,7,2,248,0,1,6,18,Matches
195,Son Heung-min\Son-Heung-min,kr KOR,FWMF,Tottenham,27,1992,27.5,882,802,80,12,6,201,33,77,47,20,14,7,629,143,110,118,714,23,15,4,705,1,10,15,43,Matches
196,George Hirst\George-Hirst,eng ENG,FW,Leicester City,20,1999,0.1,8,8,0,0,0,4,0,0,0,0,0,0,4,1,3,0,5,0,0,1,5,0,0,0,0,Matches
197,Rob Holding\Rob-Holding,eng ENG,DF,Arsenal,23,1995,6.5,338,329,9,8,1,39,12,0,0,0,0,0,269,20,49,41,275,14,1,0,292,2,10,3,2,Matches
198,José Holebas\Jose-Holebas,gr GRE,DF,Watford,35,1984,11.4,608,422,186,17,0,85,31,70,36,12,17,5,252,133,223,373,48,32,133,0,431,1,11,10,11,Matches
199,Mason Holgate\Mason-Holgate,eng ENG,DF,Everton,22,1996,22.8,991,954,37,25,1,127,44,2,0,0,0,0,712,99,180,149,758,53,11,0,855,1,23,8,11,Matches
200,Nathan Holland\Nathan-Holland,eng ENG,MF,West Ham,21,1998,0.4,14,13,1,0,0,4,0,2,0,0,0,0,9,4,1,0,13,0,1,0,11,0,0,0,1,Matches
201,Conor Hourihane\Conor-Hourihane,ie IRL,MF,Aston Villa,28,1991,17.0,721,564,157,72,2,91,35,112,55,22,19,0,455,101,165,626,55,18,11,2,542,2,15,12,23,Matches
202,Callum Hudson-Odoi\Callum-Hudson-Odoi,eng ENG,FW,Chelsea,18,2000,9.6,476,449,27,2,1,139,30,63,18,5,7,0,302,77,97,57,392,16,7,1,384,2,12,7,15,Matches
203,Will Hughes\Will-Hughes,eng ENG,MFFW,Watford,24,1995,25.0,920,856,64,26,2,169,25,69,36,20,5,7,542,188,190,703,147,42,2,6,676,6,17,24,30,Matches
204,Pierre Højbjerg\Pierre-Hojbjerg,dk DEN,MF,Southampton,23,1995,30.6,1810,1745,65,41,2,374,51,28,1,0,0,0,1114,310,386,308,1298,132,19,16,1413,3,60,18,35,Matches
205,Jordon Ibe\Jordon-Ibe,eng ENG,DF,Bournemouth,23,1995,0.6,22,18,4,1,0,4,1,3,1,0,1,0,13,3,6,5,13,2,2,0,17,0,0,0,2,Matches
206,Adam Idah\Adam-Idah,ie IRL,FWMF,Norwich City,18,2001,2.5,48,43,5,0,0,16,0,0,0,0,0,0,28,17,3,6,34,3,1,2,37,0,1,1,2,Matches
207,Odion Ighalo\Odion-Ighalo,ng NGA,FW,Manchester Utd,30,1989,1.1,23,23,0,0,0,4,0,0,0,0,0,0,18,3,2,3,19,1,0,0,21,0,0,0,0,Matches
208,Kelechi Iheanacho\Kelechi-Iheanacho,ng NGA,FW,Leicester City,22,1996,10.7,268,262,6,0,7,84,4,2,0,0,0,0,209,40,19,231,23,9,0,3,217,0,3,6,16,Matches
209,Danny Ings\Danny-Ings,eng ENG,FW,Southampton,27,1992,31.2,678,663,15,0,3,171,17,29,0,0,0,0,351,152,175,87,508,52,1,7,437,7,19,15,34,Matches
210,Alex Iwobi\Alex-Iwobi,ng NGA,MFFW,Everton,23,1996,17.7,614,603,11,3,5,112,26,48,1,0,0,0,414,104,96,66,528,9,3,3,462,3,12,14,34,Matches
211,Phil Jagielka\Phil-Jagielka,eng ENG,DF,Sheffield Utd,36,1982,2.7,74,71,3,0,0,11,3,1,0,0,0,0,47,6,21,11,55,2,3,0,59,0,4,0,1,Matches
212,Alireza Jahanbakhsh\Alireza-Jahanbakhsh,ir IRN,FWMF,Brighton,25,1993,3.5,140,136,4,0,0,21,2,24,1,0,0,0,87,31,22,16,116,4,3,1,84,0,5,4,10,Matches
213,Daniel James\Daniel-James,wal WAL,FW,Manchester Utd,21,1997,25.4,803,789,14,4,3,183,21,96,3,1,1,0,588,118,97,99,681,14,5,1,586,3,18,15,63,Matches
214,Matty James\Matty-James,eng ENG,MF,Leicester City,28,1991,0.1,6,6,0,0,0,2,0,0,0,0,0,0,5,1,0,1,5,0,0,0,6,0,0,0,0,Matches
215,Reece James\Reece-James,eng ENG,DF,Chelsea,19,1999,16.8,1268,1077,191,26,3,202,29,110,10,4,6,0,802,227,239,104,951,31,155,4,1055,3,24,10,37,Matches
216,Daryl Janmaat\Daryl-Janmaat,nl NED,DF,Watford,30,1989,6.7,341,287,54,1,0,64,9,23,0,0,0,0,173,90,78,43,237,8,53,0,257,0,7,4,17,Matches
217,Gabriel Jesus\Gabriel-Jesus,br BRA,FW,Manchester City,22,1997,22.6,608,589,19,0,2,145,8,6,1,0,0,0,467,92,49,71,485,17,4,11,532,1,6,13,18,Matches
218,Raúl Jiménez\Raul-Jimenez,mx MEX,FW,Wolves,28,1991,36.0,1009,970,39,3,7,300,37,23,1,1,0,0,514,297,198,61,798,46,12,45,732,3,20,27,50,Matches
219,Joelinton\Joelinton,br BRA,FW,Newcastle Utd,22,1996,29.8,801,761,40,1,4,316,11,5,0,0,0,0,488,174,139,126,486,62,5,16,640,4,15,11,21,Matches
220,Ben Johnson\Ben-Johnson,eng ENG,DF,West Ham,19,2000,3.0,161,132,29,0,0,16,8,11,0,0,0,0,72,34,55,19,102,8,29,0,111,1,5,5,8,Matches
221,Curtis Jones\Curtis-Jones,eng ENG,MF,Liverpool,18,2001,1.4,128,128,0,0,0,23,3,0,0,0,0,0,103,13,12,16,105,5,0,0,111,0,1,2,2,Matches
222,Phil Jones\Phil-Jones,eng ENG,DF,Manchester Utd,27,1992,1.5,89,86,3,2,0,22,3,1,0,0,0,0,67,14,8,7,73,3,1,2,79,0,2,1,1,Matches
223,Bruno Jordão\Bruno-Jordao,pt POR,FW,Wolves,20,1998,0.1,5,5,0,0,0,0,0,0,0,0,0,0,3,1,1,1,4,0,0,0,2,0,0,0,2,Matches
224,Jorginho\Jorginho,it ITA,MF,Chelsea,27,1991,26.4,2221,2163,58,53,5,425,67,9,0,0,0,0,1542,330,349,127,2028,46,5,5,1955,6,15,21,19,Matches
225,Jota\Jota,es ESP,FWMF,Aston Villa,28,1991,3.7,98,93,5,2,3,24,1,2,1,1,0,0,63,14,21,83,10,3,2,0,73,1,1,2,2,Matches
226,Diogo Jota\Diogo-Jota,pt POR,FWMF,Wolves,22,1996,25.4,861,822,39,0,0,206,22,33,1,0,0,0,584,165,112,261,548,22,5,7,681,4,14,15,47,Matches
227,James Justin\James-Justin,eng ENG,DF,Leicester City,21,1998,11.2,802,688,114,12,1,107,10,38,0,0,0,0,499,169,134,121,530,38,102,2,651,0,16,8,32,Matches
228,Christian Kabasele\Christian-Kabasele,be BEL,DF,Watford,28,1991,25.0,637,624,13,11,0,98,25,0,0,0,0,0,341,100,196,47,511,51,2,2,484,1,13,8,7,Matches
229,Harry Kane\Harry-Kane,eng ENG,FW,Tottenham,26,1993,28.7,592,561,31,5,6,184,17,21,0,0,0,0,315,164,113,63,434,32,6,9,394,2,14,19,33,Matches
230,N'Golo Kanté\NGolo-Kante,fr FRA,MF,Chelsea,28,1991,19.2,1140,1131,9,7,0,241,18,26,0,0,0,0,817,173,150,149,920,48,1,7,975,5,13,18,34,Matches
231,Moise Kean\Moise-Kean,it ITA,FW,Everton,19,2000,9.5,142,137,5,1,2,36,2,12,0,0,0,0,82,39,21,22,102,7,1,7,104,0,2,5,11,Matches
232,Michael Keane\Michael-Keane,eng ENG,DF,Everton,26,1993,28.4,1379,1336,43,39,2,194,37,0,0,0,0,0,980,161,238,215,1003,86,4,5,1167,5,35,10,14,Matches
233,Naby Keïta\Naby-Keita,gn GUI,MF,Liverpool,24,1995,9.1,684,676,8,2,5,114,9,7,2,0,0,0,514,112,58,86,567,18,3,2,608,1,8,10,15,Matches
234,Lloyd Kelly\Lloyd-Kelly,eng ENG,DF,Bournemouth,20,1998,7.1,231,194,37,6,0,29,0,6,0,0,0,0,129,37,65,161,14,19,31,0,168,1,6,2,7,Matches
235,Martin Kelly\Martin-Kelly,eng ENG,DF,Crystal Palace,29,1990,17.2,669,541,128,13,0,124,9,20,0,0,0,0,337,143,189,65,448,27,115,1,493,3,16,20,19,Matches
236,Max Kilman\Max-Kilman,eng ENG,DF,Wolves,22,1997,2.1,90,90,0,0,0,14,1,0,0,0,0,0,67,9,14,76,6,4,0,1,72,2,1,1,1,Matches
237,Joshua King\Joshua-King,no NOR,FWMF,Bournemouth,27,1992,22.3,498,485,13,1,4,145,5,23,1,0,0,0,324,103,71,47,396,17,2,6,362,2,9,14,31,Matches
238,Timm Klose\Timm-Klose,ch SUI,DF,Norwich City,31,1988,6.5,390,376,14,11,0,35,10,0,0,0,0,0,288,39,63,115,232,27,3,3,331,1,5,5,4,Matches
239,Jonathan Kodjia\Jonathan-Kodjia,ci CIV,FWMF,Aston Villa,29,1989,1.3,30,24,6,0,0,7,0,0,0,0,0,0,21,4,5,2,24,1,0,0,19,0,1,1,1,Matches
240,Sead Kolašinac\Sead-Kolasinac,ba BIH,DF,Arsenal,26,1993,18.9,1031,917,114,3,0,157,10,29,0,0,0,0,703,154,174,739,104,59,111,3,869,4,17,14,25,Matches
241,Ezri Konsa\Ezri-Konsa,eng ENG,DF,Aston Villa,21,1998,22.7,853,748,105,18,0,118,18,13,0,0,0,0,498,138,217,83,600,44,87,5,674,0,20,10,15,Matches
242,Cheikhou Kouyaté\Cheikhou-Kouyate,sn SEN,MFDF,Crystal Palace,29,1989,28.1,860,844,16,10,0,204,6,15,0,0,0,0,553,151,156,72,639,73,5,14,653,1,19,15,31,Matches
243,Mateo Kovačić\Mateo-Kovacic,hr CRO,MF,Chelsea,25,1994,23.0,1846,1798,48,40,5,337,81,8,0,0,0,0,1441,229,176,80,1723,25,8,4,1665,3,15,24,21,Matches
244,Emil Krafth\Emil-Krafth,se SWE,DF,Newcastle Utd,24,1994,11.3,433,358,75,7,0,51,8,20,0,0,0,0,243,73,117,21,316,20,68,2,316,3,5,11,21,Matches
245,Tim Krul\Tim-Krul,nl NED,GK,Norwich City,31,1988,36.0,1550,1111,439,105,0,225,38,0,0,0,0,0,697,127,726,1001,301,1,1,178,1046,3,46,5,4,Matches
246,Alexandre Lacazette\Alexandre-Lacazette,fr FRA,FW,Arsenal,28,1991,20.8,499,458,41,1,4,125,9,15,0,0,0,0,337,98,64,73,405,9,0,4,387,0,14,10,24,Matches
247,Adam Lallana\Adam-Lallana,eng ENG,MFFW,Liverpool,31,1988,4.2,270,268,2,1,0,48,4,3,0,0,0,0,204,38,28,77,170,13,1,3,229,2,0,4,9,Matches
248,Érik Lamela\Erik-Lamela,ar ARG,MFFW,Tottenham,27,1992,13.5,596,541,55,9,2,143,24,49,40,28,7,1,431,77,88,518,57,13,1,7,469,2,7,16,23,Matches
249,Tariq Lamptey\Tariq-Lamptey,eng ENG,DF,Brighton,18,2000,6.5,235,188,47,4,0,26,1,22,0,0,0,0,125,51,59,52,127,9,43,2,173,0,8,3,15,Matches
250,Tariq Lamptey\Tariq-Lamptey,eng ENG,DF,Chelsea,18,2000,0.4,14,9,5,0,1,0,0,2,0,0,0,0,5,4,5,4,5,0,5,0,12,0,0,0,2,Matches
251,Henri Lansbury\Henri-Lansbury,eng ENG,MF,Aston Villa,28,1990,2.2,81,80,1,0,0,15,6,1,0,0,0,0,46,15,20,7,62,10,0,1,60,0,3,1,3,Matches
252,Manuel Lanzini\Manuel-Lanzini,ar ARG,MFFW,West Ham,26,1993,15.3,798,737,61,18,3,154,29,42,32,17,11,1,583,118,97,87,680,17,2,9,674,3,12,15,13,Matches
253,Aymeric Laporte\Aymeric-Laporte,fr FRA,DF,Manchester City,25,1994,12.2,1114,1093,21,14,0,125,35,0,0,0,0,0,913,102,99,838,202,42,7,6,1041,0,5,4,10,Matches
254,Jamaal Lascelles\Jamaal-Lascelles,eng ENG,DF,Newcastle Utd,25,1993,23.1,811,796,15,15,1,144,22,0,0,0,0,0,539,89,183,117,579,76,0,2,669,4,10,7,9,Matches
255,Valentino Lazaro\Valentino-Lazaro,at AUT,DFMF,Newcastle Utd,23,1996,5.3,194,165,29,4,0,30,5,13,11,1,4,5,113,35,46,22,148,6,14,1,158,1,2,5,3,Matches
256,Moritz Leitner\Moritz-Leitner,de GER,MF,Norwich City,26,1992,7.6,553,527,26,20,2,96,15,5,1,1,0,0,434,60,59,88,449,5,4,3,472,5,7,7,13,Matches
257,Florian Lejeune\Florian-Lejeune,fr FRA,DF,Newcastle Utd,28,1991,4.9,187,169,18,6,0,41,8,2,0,0,0,0,106,23,58,40,120,7,12,0,136,0,7,3,2,Matches
258,Aaron Lennon\Aaron-Lennon,eng ENG,MF,Burnley,32,1987,5.5,131,129,2,0,0,32,5,8,1,1,0,0,91,21,19,11,112,4,1,0,92,0,3,2,10,Matches
259,Bernd Leno\Bernd-Leno,de GER,GK,Arsenal,27,1992,29.4,990,680,310,59,0,127,22,0,0,0,0,0,612,52,326,153,631,4,0,174,742,5,22,3,1,Matches
260,Jefferson Lerma\Jefferson-Lerma,co COL,MF,Bournemouth,24,1994,30.0,1377,1348,29,24,0,281,39,6,0,0,0,0,816,247,314,144,1079,110,5,2,1092,4,34,21,24,Matches
261,Jamal Lewis\Jamal-Lewis,nir NIR,DF,Norwich City,21,1998,25.6,1306,1050,256,14,1,214,19,44,0,0,0,0,766,325,215,901,128,26,242,1,1036,3,22,30,53,Matches
262,Victor Lindelöf\Victor-Lindelof,se SWE,DF,Manchester Utd,25,1994,34.4,2013,1955,58,46,2,276,30,2,0,0,0,0,1572,199,242,253,1606,76,12,14,1764,2,33,25,20,Matches
263,Jesse Lingard\Jesse-Lingard,eng ENG,MFFW,Manchester Utd,26,1992,10.4,409,389,20,3,1,81,4,7,2,0,0,0,327,54,28,19,366,9,6,8,351,3,5,8,11,Matches
264,Hugo Lloris\Hugo-Lloris,fr FRA,GK,Tottenham,32,1986,20.1,568,381,187,38,0,49,14,0,0,0,0,0,235,38,295,331,113,0,0,82,395,2,9,1,1,Matches
265,Giovani Lo Celso\Giovani-Lo-Celso,ar ARG,MFFW,Tottenham,23,1996,16.6,1005,922,83,37,2,178,45,56,40,18,9,7,684,162,159,847,116,20,6,9,832,4,10,16,21,Matches
266,Jürgen Locadia\Jurgen-Locadia,nl NED,MFFW,Brighton,25,1993,1.0,19,19,0,0,0,10,0,1,0,0,0,0,11,3,5,2,14,2,0,0,9,1,0,0,3,Matches
267,Ruben Loftus-Cheek\Ruben-Loftus-Cheek,eng ENG,MFFW,Chelsea,23,1996,2.3,131,129,2,2,1,12,4,1,0,0,0,0,104,16,11,14,109,6,0,1,116,0,3,2,1,Matches
268,Kevin Long\Kevin-Long,ie IRL,DF,Burnley,28,1990,6.3,186,183,3,2,0,21,4,0,0,0,0,0,108,19,59,11,132,29,1,0,142,0,5,0,1,Matches
269,Shane Long\Shane-Long,ie IRL,FW,Southampton,32,1987,15.5,405,400,5,0,0,169,8,20,0,0,0,0,134,146,125,48,184,56,1,24,226,1,15,6,28,Matches
270,Matthew Longstaff\Matthew-Longstaff,eng ENG,MF,Newcastle Utd,19,2000,6.4,237,232,5,3,0,34,5,2,0,0,0,0,161,30,46,21,200,13,0,0,193,0,4,6,4,Matches
271,Sean Longstaff\Sean-Longstaff,eng ENG,MF,Newcastle Utd,21,1997,15.3,657,605,52,39,1,120,36,30,11,5,3,0,425,94,138,115,477,51,1,3,515,1,16,8,13,Matches
272,Dejan Lovren\Dejan-Lovren,hr CRO,DF,Liverpool,30,1989,8.6,603,587,16,15,1,64,16,1,0,0,0,0,411,80,112,114,433,41,1,1,530,0,12,3,5,Matches
273,Matthew Lowton\Matthew-Lowton,eng ENG,DF,Burnley,30,1989,17.0,726,562,164,12,2,144,20,43,0,0,0,0,294,162,270,51,477,35,152,2,497,5,20,17,19,Matches
274,David Luiz\David-Luiz,br BRA,DF,Arsenal,32,1987,31.2,1713,1611,102,98,6,251,72,5,0,0,0,0,1235,161,317,409,1228,48,4,10,1481,7,31,9,14,Matches
275,Douglas Luiz\Douglas-Luiz,br BRA,MF,Aston Villa,21,1998,29.0,1216,1151,65,44,2,177,58,24,3,0,1,0,696,246,274,123,979,70,6,13,984,2,28,14,12,Matches
276,John Lundstram\John-Lundstram,eng ENG,MF,Sheffield Utd,25,1994,27.3,1202,1179,23,8,4,262,51,55,3,2,0,1,759,229,214,320,800,54,3,6,966,9,28,20,32,Matches
277,Alexis Mac Allister\Alexis-Mac-Allister,ar ARG,MFFW,Brighton,20,1998,3.9,130,99,31,10,0,27,3,23,17,8,6,1,72,26,32,15,107,4,0,0,84,0,3,2,4,Matches
278,James Maddison\James-Maddison,eng ENG,MF,Leicester City,22,1996,29.2,1674,1422,252,82,16,267,93,220,157,43,76,15,1051,247,376,158,1462,31,7,11,1282,8,30,36,38,Matches
279,Harry Maguire\Harry-Maguire,eng ENG,DF,Manchester Utd,26,1993,38.0,2404,2328,76,66,1,363,91,2,0,0,0,0,1787,269,348,320,1862,119,10,11,2128,5,45,21,11,Matches
280,Riyad Mahrez\Riyad-Mahrez,dz ALG,FW,Manchester City,28,1991,21.6,1188,1113,75,11,23,202,50,88,55,25,3,6,890,138,160,1039,114,15,9,3,1009,5,16,19,27,Matches
281,Ainsley Maitland-Niles\Ainsley-Maitland-Niles,eng ENG,DF,Arsenal,21,1997,15.4,999,816,183,18,0,159,14,17,0,0,0,0,630,231,138,128,673,21,165,6,825,1,24,24,31,Matches
282,Sadio Mané\Sadio-Mane,sn SEN,FW,Liverpool,27,1992,30.5,1162,1141,21,8,10,245,26,49,0,0,0,0,766,243,153,235,839,39,10,15,933,3,17,29,50,Matches
283,Javier Manquillo\Javier-Manquillo,es ESP,DF,Newcastle Utd,25,1994,17.8,632,502,130,4,0,104,13,45,0,0,0,0,313,126,193,49,405,39,126,2,452,2,15,9,24,Matches
284,Solly March\Solly-March,eng ENG,DFFW,Brighton,25,1994,12.7,601,516,85,8,0,129,33,64,14,7,3,2,325,115,161,459,45,24,60,3,435,1,15,11,29,Matches
285,Pablo Marí\Pablo-Mari,es ESP,DF,Arsenal,25,1993,1.3,91,90,1,1,0,4,3,0,0,0,0,0,61,15,15,80,9,2,0,0,81,0,2,0,1,Matches
286,Adrian Mariappa\Adrian-Mariappa,jm JAM,DF,Watford,32,1986,16.8,585,451,134,7,1,73,12,21,0,0,0,0,253,121,211,44,356,42,127,0,426,2,15,6,10,Matches
287,Anthony Martial\Anthony-Martial,fr FRA,FW,Manchester Utd,23,1995,29.2,721,692,29,4,5,203,3,11,0,0,0,0,587,94,40,123,560,12,4,6,575,2,7,14,43,Matches
288,David Martin\David-Martin,eng ENG,GK,West Ham,33,1986,4.8,124,61,63,19,0,14,1,0,0,0,0,0,14,5,105,1,98,0,0,10,55,0,0,1,0,Matches
289,Josh Martin\Josh-Martin,eng ENG,FW,Norwich City,17,2001,0.4,16,16,0,0,0,7,0,0,0,0,0,0,13,1,2,5,11,0,0,0,12,0,0,1,1,Matches
290,Martinelli\Martinelli,br BRA,FW,Arsenal,18,2001,7.4,138,136,2,1,1,41,1,22,0,0,0,0,78,32,28,23,102,7,1,1,86,0,0,5,13,Matches
291,Emiliano Martínez\Emiliano-Martinez,ar ARG,GK,Arsenal,26,1992,8.6,293,211,82,21,1,29,7,0,0,0,0,0,171,10,112,33,190,1,0,46,212,0,14,0,1,Matches
292,Adam Masina\Adam-Masina,it ITA,DF,Watford,25,1994,20.2,934,716,218,17,0,162,39,68,8,5,1,1,322,172,440,568,62,67,193,5,582,6,23,8,32,Matches
293,Arthur Masuaku\Arthur-Masuaku,cd COD,DF,West Ham,25,1993,10.4,588,500,88,8,1,140,18,25,0,0,0,0,383,112,93,448,33,23,80,0,472,2,7,10,27,Matches
294,Juan Mata\Juan-Mata,es ESP,MFFW,Manchester Utd,31,1988,8.4,523,494,29,8,2,116,11,23,10,5,1,2,377,67,79,444,64,4,6,2,442,2,3,6,15,Matches
295,Nemanja Matić\Nemanja-Matic,rs SRB,MF,Manchester Utd,30,1988,17.6,1240,1210,30,26,1,220,30,3,0,0,0,0,979,125,136,1029,147,40,4,5,1095,1,11,17,22,Matches
296,Joël Matip\Joel-Matip,cm CMR,DF,Liverpool,27,1991,7.8,514,498,16,12,0,74,13,1,0,0,0,0,384,62,68,56,417,23,4,1,448,0,14,7,3,Matches
297,Neal Maupay\Neal-Maupay,fr FRA,FW,Brighton,22,1996,30.7,688,624,64,4,3,181,13,12,0,0,0,0,491,145,52,122,507,24,10,14,540,6,8,20,33,Matches
298,James McArthur\James-McArthur,sco SCO,MF,Crystal Palace,31,1987,34.3,1474,1404,70,5,4,371,22,42,1,0,0,0,994,219,261,351,992,61,30,11,1153,3,34,23,60,Matches
299,Oliver McBurnie\Oliver-McBurnie,sco SCO,FW,Sheffield Utd,23,1996,23.5,630,614,16,0,0,265,3,10,0,0,0,0,276,179,175,24,342,95,3,18,407,4,6,14,30,Matches
300,Alex McCarthy\Alex-McCarthy,eng ENG,GK,Southampton,29,1989,28.0,815,535,280,103,0,99,34,0,0,0,0,0,215,46,554,88,570,0,0,74,441,5,32,4,2,Matches
301,James McCarthy\James-McCarthy,ie IRL,MF,Crystal Palace,28,1990,18.7,818,746,72,41,0,138,50,35,22,14,6,2,466,133,219,218,528,45,6,10,630,3,27,11,22,Matches
302,John McGinn\John-McGinn,sco SCO,MF,Aston Villa,24,1994,25.7,772,700,72,30,3,168,74,64,25,16,4,2,446,113,213,550,174,25,4,4,584,7,17,10,23,Matches
303,David McGoldrick\David-McGoldrick,ie IRL,FW,Sheffield Utd,31,1987,20.2,623,609,14,1,4,167,18,8,0,0,0,0,406,117,100,57,462,37,1,8,475,10,16,10,20,Matches
304,Michael McGovern\Michael-McGovern,nir NIR,GK,Norwich City,35,1984,1.8,51,32,19,5,0,5,2,0,0,0,0,0,24,1,26,4,36,0,0,10,31,0,1,0,0,Matches
305,Kenny McLean\Kenny-McLean,sco SCO,MF,Norwich City,27,1992,33.0,1689,1600,89,48,4,378,58,53,20,8,12,0,1077,324,288,1199,314,77,18,8,1324,8,35,36,36,Matches
306,Dwight McNeil\Dwight-McNeil,eng ENG,MF,Burnley,19,1999,37.1,1277,1151,126,56,4,295,109,256,60,52,4,2,740,159,378,1145,52,45,9,4,874,9,26,23,73,Matches
307,Scott McTominay\Scott-McTominay,sco SCO,MF,Manchester Utd,22,1996,19.7,995,966,29,28,2,158,47,14,0,0,0,0,745,111,139,44,878,45,1,5,816,2,18,21,25,Matches
308,Ben Mee\Ben-Mee,eng ENG,DF,Burnley,29,1989,32.0,1172,1114,58,53,0,225,37,2,0,0,0,0,642,149,381,901,135,73,5,4,875,5,36,8,12,Matches
309,Benjamin Mendy\Benjamin-Mendy,fr FRA,DF,Manchester City,25,1994,16.6,1285,1158,127,13,0,159,33,86,0,0,0,0,900,225,160,1036,103,21,114,1,1108,5,14,18,32,Matches
310,Nampalys Mendy\Nampalys-Mendy,fr FRA,MF,Leicester City,27,1992,3.2,212,211,1,1,0,29,4,2,0,0,0,0,172,21,19,20,187,4,0,0,194,1,3,2,1,Matches
311,Chris Mepham\Chris-Mepham,wal WAL,DF,Bournemouth,21,1997,10.1,483,475,8,8,0,86,13,3,0,0,0,0,363,37,83,55,377,29,0,4,414,1,12,4,4,Matches
312,Max Meyer\Max-Meyer,de GER,MFFW,Crystal Palace,23,1995,7.3,213,211,2,1,1,52,0,9,0,0,0,0,160,31,22,68,132,11,1,0,160,1,1,7,14,Matches
313,Luka Milivojević\Luka-Milivojevic,rs SRB,MF,Crystal Palace,28,1991,27.9,1506,1257,249,137,1,239,107,146,99,61,25,6,895,208,403,204,1201,62,6,12,1161,2,41,21,21,Matches
314,James Milner\James-Milner,eng ENG,MFDF,Liverpool,33,1986,10.4,773,707,66,12,4,114,35,20,8,3,2,1,522,135,116,78,633,15,34,3,664,3,13,10,15,Matches
315,Yerry Mina\Yerry-Mina,co COL,DF,Everton,24,1994,25.4,1251,1216,35,34,0,212,50,4,0,0,0,0,890,140,221,162,967,79,1,1,1070,3,17,13,10,Matches
316,Takumi Minamino\Takumi-Minamino,jp JPN,FWMF,Liverpool,24,1995,2.8,111,110,1,1,0,26,2,3,0,0,0,0,89,9,13,20,84,1,0,1,98,0,1,0,1,Matches
317,Tyrone Mings\Tyrone-Mings,eng ENG,DF,Aston Villa,26,1993,32.2,1333,1283,50,47,2,193,58,8,0,0,0,0,890,128,315,1071,157,67,3,3,1055,3,42,16,23,Matches
318,Tyrick Mitchell\Tyrick-Mitchell,eng ENG,DF,Crystal Palace,19,1999,2.2,119,91,28,0,0,14,1,4,0,0,0,0,69,22,28,84,5,2,28,0,96,0,1,2,6,Matches
319,Henrikh Mkhitaryan\Henrikh-Mkhitaryan,am ARM,FW,Arsenal,30,1989,1.2,77,73,4,1,2,13,3,4,2,0,2,0,62,6,9,20,52,2,1,0,58,2,3,0,5,Matches
320,Nacho Monreal\Nacho-Monreal,es ESP,DF,Arsenal,33,1986,3.0,201,175,26,1,0,41,1,4,0,0,0,0,145,38,18,162,11,1,25,1,182,1,0,1,5,Matches
321,Martín Montoya\Martin-Montoya,es ESP,DF,Brighton,28,1991,21.1,1255,1014,241,13,0,214,36,45,1,0,1,0,642,326,287,142,824,47,227,1,1006,2,7,30,44,Matches
322,Simon Moore\Simon-Moore,eng ENG,GK,Sheffield Utd,29,1990,2.0,48,25,23,12,0,1,3,0,0,0,0,0,8,1,39,3,33,0,0,4,19,0,3,1,0,Matches
323,Aaron Mooy\Aaron-Mooy,au AUS,MFFW,Brighton,28,1990,23.2,1075,992,83,23,4,229,47,107,53,23,21,7,674,180,221,184,850,24,6,3,825,7,14,19,43,Matches
324,Wesley Moraes\Wesley-Moraes,br BRA,FW,Aston Villa,22,1996,19.8,377,361,16,0,0,115,12,7,0,0,0,0,221,94,62,16,282,33,2,10,277,3,6,6,11,Matches
325,Wes Morgan\Wes-Morgan,jm JAM,DF,Leicester City,35,1984,4.8,238,234,4,4,0,22,0,0,0,0,0,0,203,16,19,29,192,11,0,2,220,2,2,0,2,Matches
326,Ravel Morrison\Ravel-Morrison,eng ENG,MF,Sheffield Utd,26,1993,0.1,6,6,0,0,0,2,0,0,0,0,0,0,5,1,0,1,5,0,0,0,4,0,0,1,1,Matches
327,Mason Mount\Mason-Mount,eng ENG,MFFW,Chelsea,20,1999,31.9,1380,1233,147,52,4,256,58,135,80,36,14,10,968,202,210,161,1165,28,9,6,1116,5,21,14,48,Matches
328,Lucas Moura\Lucas-Moura,br BRA,FWMF,Tottenham,26,1992,24.9,799,782,17,5,6,219,6,19,4,2,1,0,518,157,124,81,633,37,5,3,581,3,9,20,38,Matches
329,Lys Mousset\Lys-Mousset,fr FRA,FW,Sheffield Utd,23,1996,13.8,239,231,8,0,1,72,1,4,0,0,0,0,173,42,24,24,191,11,1,4,176,1,6,6,11,Matches
330,João Moutinho\Joao-Moutinho,pt POR,MF,Wolves,32,1986,34.5,2022,1697,325,148,7,336,134,216,166,35,73,12,1005,414,603,122,1781,92,5,6,1614,4,33,27,38,Matches
331,Glenn Murray\Glenn-Murray,eng ENG,FW,Brighton,35,1983,8.9,177,170,7,1,1,52,3,4,0,0,0,0,85,51,41,17,118,15,2,7,116,0,5,1,11,Matches
332,Shkodran Mustafi\Shkodran-Mustafi,de GER,DF,Arsenal,27,1992,13.4,790,773,17,16,0,109,29,2,0,0,0,0,592,66,132,33,682,48,1,4,663,0,15,4,14,Matches
333,Yoshinori Mutō\Yoshinori-Muto,jp JPN,FWMF,Newcastle Utd,27,1992,2.4,31,29,2,1,0,11,0,1,0,0,0,0,23,6,2,10,19,0,0,1,26,0,0,0,1,Matches
334,Georges-Kévin N'Koudou\Georges-Kevin-NKoudou,fr FRA,FW,Tottenham,24,1995,0.0,0,0,0,0,0,0,0,0,0,0,0,0,0,0,0,0,0,0,0,0,0,0,0,0,0,Matches
335,Marvelous Nakamba\Marvelous-Nakamba,zw ZIM,MF,Aston Villa,25,1994,20.4,792,768,24,20,0,172,17,3,0,0,0,0,600,102,90,636,103,34,3,2,669,2,15,13,11,Matches
336,Wilfred Ndidi\Wilfred-Ndidi,ng NGA,MF,Leicester City,22,1996,29.7,1649,1626,23,23,1,307,50,3,0,0,0,0,1175,262,212,180,1341,75,0,4,1416,2,34,26,29,Matches
337,Tanguy Ndombele\Tanguy-Ndombele,fr FRA,MF,Tottenham,22,1996,11.2,629,608,21,15,0,137,13,12,6,1,1,2,507,65,57,59,555,10,0,1,532,4,8,10,19,Matches
338,Reiss Nelson\Reiss-Nelson,eng ENG,FW,Arsenal,19,1999,7.0,234,214,20,4,1,51,9,26,14,6,6,0,164,35,35,31,198,3,1,1,186,0,2,8,9,Matches
339,Pedro Neto\Pedro-Neto,pt POR,FWMF,Wolves,19,2000,10.4,397,368,29,8,0,91,14,47,12,1,5,0,261,81,55,302,68,16,2,4,303,1,8,7,20,Matches
340,Rúben Neves\Ruben-Neves,pt POR,MF,Wolves,22,1997,34.0,1974,1913,61,46,5,310,149,31,9,3,4,0,1133,346,495,157,1692,97,6,4,1587,4,46,21,24,Matches
341,Jeremy Ngakia\Jeremy-Ngakia,eng ENG,DF,West Ham,18,2000,4.9,161,116,45,0,0,40,3,12,0,0,0,0,54,34,73,18,84,8,45,1,89,0,4,8,9,Matches
342,Oumar Niasse\Oumar-Niasse,sn SEN,FW,Everton,29,1990,0.2,5,5,0,0,0,2,0,1,0,0,0,0,3,2,0,1,3,0,0,1,3,0,0,1,0,Matches
343,Eddie Nketiah\Eddie-Nketiah,eng ENG,FW,Arsenal,20,1999,7.0,140,129,11,0,0,22,0,1,0,0,0,0,111,17,12,22,109,6,0,1,111,0,2,3,7,Matches
344,Mark Noble\Mark-Noble,eng ENG,MF,West Ham,32,1987,29.7,1499,1387,112,62,5,268,66,40,14,9,2,1,890,287,322,104,1319,54,9,2,1217,8,28,28,45,Matches
345,Oliver Norwood\Oliver-Norwood,nir NIR,MF,Sheffield Utd,28,1991,34.3,2148,1928,220,92,2,351,205,198,121,85,17,8,1122,367,659,76,1914,112,7,4,1664,12,71,24,30,Matches
346,Ørjan Nyland\Orjan-Nyland,no NOR,GK,Aston Villa,28,1990,6.0,182,111,71,18,0,10,3,0,0,0,0,0,62,13,107,15,133,0,0,28,105,1,8,1,1,Matches
347,Jack O'Connell\Jack-OConnell,eng ENG,DF,Sheffield Utd,25,1994,32.4,1555,1467,88,30,2,248,71,51,0,0,0,0,875,212,468,1269,61,110,58,4,1156,5,42,9,39,Matches
348,Michael Obafemi\Michael-Obafemi,ie IRL,FW,Southampton,19,2000,7.4,144,142,2,0,1,50,1,2,0,0,0,0,92,37,15,14,112,7,0,5,112,0,3,6,9,Matches
349,Angelo Ogbonna\Angelo-Ogbonna,it ITA,DF,West Ham,31,1988,31.0,945,925,20,20,0,172,24,1,0,0,0,0,577,118,250,568,238,74,0,5,744,5,22,2,8,Matches
350,Divock Origi\Divock-Origi,be BEL,FW,Liverpool,24,1995,8.0,219,217,2,0,0,66,13,18,0,0,0,0,139,37,43,29,165,10,1,3,158,1,6,4,8,Matches
351,Ben Osborn\Ben-Osborn,eng ENG,MFDF,Sheffield Utd,24,1994,6.6,259,245,14,2,1,64,5,16,3,0,1,1,143,64,52,198,33,11,9,1,179,2,10,4,13,Matches
352,Nicolás Otamendi\Nicolas-Otamendi,ar ARG,DF,Manchester City,31,1988,19.1,1488,1474,14,10,0,142,35,0,0,0,0,0,1254,100,134,112,1299,38,4,4,1380,2,12,11,13,Matches
353,Alex Oxlade-Chamberlain\Alex-Oxlade-Chamberlain,eng ENG,MFFW,Liverpool,25,1993,16.5,748,733,15,1,4,136,32,45,0,0,0,0,464,124,160,87,609,27,6,7,592,3,22,17,23,Matches
354,Mesut Özil\Mesut-Ozil,de GER,MF,Arsenal,30,1988,16.0,891,801,90,30,0,181,17,71,57,15,22,13,644,116,131,778,94,10,0,7,754,5,5,12,22,Matches
355,Emerson Palmieri\Emerson-Palmieri,it ITA,DF,Chelsea,24,1994,11.4,853,720,133,11,2,146,15,54,21,8,3,2,556,151,146,663,43,32,101,1,706,2,9,9,20,Matches
356,Sokratis Papastathopoulos\Sokratis-Papastathopoulos,gr GRE,DF,Arsenal,31,1988,18.8,973,932,41,31,0,150,42,1,0,0,0,0,748,103,122,34,893,17,10,2,873,2,10,5,7,Matches
357,Troy Parrott\Troy-Parrott,ie IRL,MF,Tottenham,17,2002,0.1,5,4,1,0,0,2,0,0,0,0,0,0,3,2,0,2,2,0,1,0,5,0,0,0,0,Matches
358,Rui Patrício\Rui-Patricio,pt POR,GK,Wolves,31,1988,38.0,862,503,359,77,0,52,35,0,0,0,0,0,219,60,583,477,179,3,0,124,550,3,31,5,2,Matches
359,Pedro\Pedro,es ESP,FW,Chelsea,32,1987,7.3,331,328,3,1,3,89,9,21,1,0,1,0,223,61,47,102,211,13,1,3,259,0,5,6,12,Matches
360,João Pedro\Joao-Pedro,br BRA,FWMF,Watford,17,2001,0.3,14,14,0,0,0,5,0,3,0,0,0,0,10,1,3,3,10,0,0,0,10,0,0,0,1,Matches
361,Nicolas Pépé\Nicolas-Pepe,ci CIV,FW,Arsenal,24,1995,22.3,803,722,81,11,3,177,32,108,63,26,19,8,576,81,146,683,79,20,7,3,616,1,14,11,36,Matches
362,Andreas Pereira\Andreas-Pereira,br BRA,MFFW,Manchester Utd,23,1996,16.5,770,692,78,23,1,157,30,62,37,14,12,3,518,125,127,89,634,23,9,3,566,4,11,22,27,Matches
363,Ricardo Pereira\Ricardo-Pereira,pt POR,DF,Leicester City,25,1993,28.0,1875,1553,322,17,3,335,20,57,0,0,0,0,1095,399,381,195,1312,41,305,4,1513,3,18,46,67,Matches
364,Roberto Pereyra\Roberto-Pereyra,ar ARG,FWMF,Watford,28,1991,18.3,654,613,41,5,4,121,15,31,22,9,6,1,410,141,103,91,503,36,13,6,538,1,10,16,18,Matches
365,Ayoze Pérez\Ayoze-Perez,es ESP,MFFW,Leicester City,26,1993,22.3,773,753,20,5,8,198,9,29,0,0,0,0,537,157,79,70,650,18,6,13,616,2,13,13,41,Matches
366,Jordan Pickford\Jordan-Pickford,eng ENG,GK,Everton,25,1994,38.0,1373,956,417,144,1,137,67,0,0,0,0,0,539,77,757,866,236,0,0,179,895,5,59,5,1,Matches
367,Brandon Pierrick\Brandon-Pierrick,eng ENG,MF,Crystal Palace,17,2001,0.2,,,,,,,,2,,,,,,,,,,,,,,,,,,Matches
368,Erik Pieters\Erik-Pieters,nl NED,DFMF,Burnley,30,1988,20.9,923,737,186,10,2,180,20,41,1,1,0,0,455,191,277,623,56,44,175,4,687,4,17,14,34,Matches
369,Daniel Podence\Daniel-Podence,pt POR,FWMF,Wolves,23,1995,3.2,105,102,3,0,1,18,0,5,2,0,1,0,75,13,17,12,90,3,0,0,74,1,3,2,3,Matches
370,Paul Pogba\Paul-Pogba,fr FRA,MF,Manchester Utd,26,1993,13.4,1026,998,28,27,6,214,63,6,0,0,0,0,735,136,155,112,864,24,1,7,880,5,10,16,23,Matches
371,Nick Pope\Nick-Pope,eng ENG,GK,Burnley,27,1992,38.0,1180,718,462,155,1,105,31,0,1,1,0,0,217,69,894,59,838,3,1,168,536,8,63,5,4,Matches
372,Dennis Praet\Dennis-Praet,be BEL,MF,Leicester City,25,1994,12.6,539,532,7,3,2,106,10,21,0,0,0,0,359,95,85,39,451,39,3,3,446,1,7,6,18,Matches
373,Sebastian Prödl\Sebastian-Prodl,at AUT,DF,Watford,32,1987,0.6,10,10,0,0,0,2,0,0,0,0,0,0,3,2,5,1,6,1,0,0,6,0,1,0,0,Matches
374,Davy Pröpper\Davy-Propper,nl NED,MF,Brighton,27,1991,31.4,1785,1760,25,18,6,323,34,37,0,0,0,0,1295,272,218,147,1548,64,4,7,1483,6,37,40,47,Matches
375,Teemu Pukki\Teemu-Pukki,fi FIN,FW,Norwich City,29,1990,32.1,522,455,67,0,3,137,3,9,0,0,0,0,381,100,41,96,378,27,2,16,421,0,4,8,25,Matches
376,Christian Pulisic\Christian-Pulisic,us USA,FW,Chelsea,20,1998,19.1,700,690,10,4,4,212,16,34,4,3,0,0,502,105,93,139,521,28,2,2,546,2,10,8,35,Matches
377,Ignacio Pussetto\Ignacio-Pussetto,ar ARG,FWDF,Watford,23,1995,0.8,31,27,4,1,0,5,1,4,0,0,0,0,9,9,13,4,18,5,3,0,18,0,1,1,0,Matches
378,Domingos Quina\Domingos-Quina,pt POR,MF,Watford,19,1999,0.2,9,9,0,0,0,0,0,0,0,0,0,0,8,1,0,0,9,0,0,0,9,0,0,0,0,Matches
379,Aaron Ramsdale\Aaron-Ramsdale,eng ENG,GK,Bournemouth,21,1998,37.0,1124,702,422,133,1,107,33,1,0,0,0,0,423,51,650,58,811,1,0,185,648,4,46,3,5,Matches
380,Darren Randolph\Darren-Randolph,ie IRL,GK,West Ham,32,1987,2.0,40,22,18,4,0,1,0,0,0,0,0,0,4,1,35,0,30,0,0,3,22,1,0,0,0,Matches
381,Marcus Rashford\Marcus-Rashford,eng ENG,FW,Manchester Utd,21,1997,29.4,988,961,27,2,8,162,25,32,9,5,1,2,742,120,126,89,833,28,8,14,758,3,18,26,43,Matches
382,Nathan Redmond\Nathan-Redmond,eng ENG,MFFW,Southampton,25,1994,30.7,1061,1043,18,1,5,298,37,42,0,0,0,0,701,190,170,80,925,33,3,3,781,6,25,28,45,Matches
383,Pepe Reina\Pepe-Reina,es ESP,GK,Aston Villa,36,1982,12.0,395,254,141,48,0,47,16,0,0,0,0,0,139,28,228,33,290,0,0,47,272,3,13,1,0,Matches
384,Declan Rice\Declan-Rice,eng ENG,MF,West Ham,20,1999,38.0,1717,1685,32,28,2,323,81,26,0,0,0,0,1192,236,289,300,1286,89,4,2,1476,3,36,21,26,Matches
385,Richarlison\Richarlison,br BRA,FW,Everton,22,1997,34.1,823,800,23,2,4,257,11,56,2,0,1,0,498,200,125,185,542,43,7,7,543,2,28,24,75,Matches
386,Diego Rico\Diego-Rico,es ESP,DF,Bournemouth,26,1993,25.9,1482,1102,380,61,4,205,38,174,72,36,23,6,643,367,472,1060,70,84,247,2,1011,5,40,35,63,Matches
387,Jaïro Riedewald\Jairo-Riedewald,nl NED,DFMF,Crystal Palace,22,1996,8.5,400,324,76,11,0,58,6,6,0,0,0,0,226,72,102,281,27,23,65,0,301,1,7,11,3,Matches
388,Matt Ritchie\Matt-Ritchie,sco SCO,DFMF,Newcastle Utd,29,1989,14.6,691,533,158,27,0,143,47,100,57,23,24,3,338,148,205,466,111,25,74,4,474,3,11,9,30,Matches
389,Roberto\Roberto,es ESP,GK,West Ham,33,1986,7.6,232,155,77,36,0,14,2,0,0,0,0,0,53,13,166,7,181,0,0,26,113,1,4,0,0,Matches
390,Patrick Roberts\Patrick-Roberts,eng ENG,MFFW,Norwich City,22,1997,0.3,10,9,1,0,0,1,1,0,0,0,0,0,7,2,1,9,1,0,0,0,7,0,0,1,0,Matches
391,Andrew Robertson\Andrew-Robertson,sco SCO,DF,Liverpool,25,1994,34.6,2928,2536,392,49,5,319,85,204,43,7,26,1,1834,521,573,2332,186,93,300,2,2370,4,44,36,82,Matches
392,Callum Robinson\Callum-Robinson,ie IRL,FW,Sheffield Utd,24,1995,7.5,155,146,9,0,1,38,9,15,0,0,0,0,105,26,24,31,114,4,1,2,117,0,5,3,7,Matches
393,Jack Robinson\Jack-Robinson,eng ENG,DF,Sheffield Utd,25,1993,5.6,257,230,27,9,1,23,9,6,0,0,0,0,160,22,75,184,32,16,18,1,193,0,13,1,7,Matches
394,Rodri\Rodri,es ESP,MF,Manchester City,23,1996,27.6,2537,2505,32,30,0,478,100,8,0,0,0,0,1978,272,287,339,2056,87,2,12,2363,1,21,17,19,Matches
395,Jay Rodriguez\Jay-Rodriguez,eng ENG,FW,Burnley,30,1989,22.4,495,481,14,2,1,149,10,14,0,0,0,0,245,151,99,20,355,45,1,18,345,0,6,10,26,Matches
396,Jack Rodwell\Jack-Rodwell,eng ENG,MF,Sheffield Utd,28,1991,0.2,2,2,0,0,0,0,0,0,0,0,0,0,1,1,0,1,1,0,0,0,2,0,0,0,0,Matches
397,Marcos Rojo\Marcos-Rojo,ar ARG,DF,Manchester Utd,29,1990,1.4,55,45,10,2,0,6,2,3,0,0,0,0,25,12,18,39,5,1,8,0,37,0,3,0,0,Matches
398,Oriol Romeu\Oriol-Romeu,es ESP,MF,Southampton,27,1991,20.7,1038,1018,20,19,4,210,21,6,0,0,0,0,673,169,196,190,736,75,1,8,866,1,11,15,11,Matches
399,Danny Rose\Danny-Rose,eng ENG,DF,Newcastle Utd,29,1990,9.6,419,358,61,14,0,49,8,8,0,0,0,0,247,86,86,298,49,18,47,0,325,2,6,5,15,Matches
400,Danny Rose\Danny-Rose,eng ENG,DF,Tottenham,29,1990,9.9,572,480,92,17,0,69,5,39,1,0,1,0,353,91,128,412,67,13,74,0,435,3,1,15,22,Matches
401,Antonio Rüdiger\Antonio-Rudiger,de GER,DF,Chelsea,26,1993,19.0,1449,1416,33,25,0,186,59,7,0,0,0,0,1054,154,241,275,1078,50,8,6,1272,6,24,5,13,Matches
402,Lukas Rupp\Lukas-Rupp,de GER,FWMF,Norwich City,28,1991,7.7,260,252,8,2,2,62,2,2,0,0,0,0,154,65,41,50,193,9,4,0,196,0,3,9,13,Matches
403,Mathew Ryan\Mathew-Ryan,au AUS,GK,Brighton,27,1992,38.0,1462,1129,333,59,0,219,47,0,0,0,0,0,797,100,565,175,990,3,0,233,1173,7,47,5,5,Matches
404,Allan Saint-Maximin\Allan-Saint-Maximin,fr FRA,MFFW,Newcastle Utd,22,1997,20.7,490,481,9,1,3,121,19,44,0,0,0,0,338,86,66,59,409,8,6,2,356,3,8,12,28,Matches
405,Romain Saïss\Romain-Saiss,ma MAR,DF,Wolves,29,1990,30.1,1541,1494,47,37,1,187,61,9,0,0,0,0,953,225,363,1232,137,97,10,5,1252,4,32,18,31,Matches
406,Bukayo Saka\Bukayo-Saka,eng ENG,DFFW,Arsenal,17,2001,19.5,844,718,126,13,2,176,19,67,11,3,4,3,529,178,137,575,144,16,102,0,659,4,20,20,37,Matches
407,Mamadou Sakho\Mamadou-Sakho,fr FRA,DF,Crystal Palace,29,1990,10.3,516,498,18,17,0,70,10,0,0,0,0,0,390,49,77,384,94,21,1,4,451,1,3,3,5,Matches
408,Mohamed Salah\Mohamed-Salah,eg EGY,FW,Liverpool,27,1992,32.0,1004,952,52,4,13,241,19,45,28,3,15,3,712,159,133,792,166,18,8,11,746,3,15,27,47,Matches
409,Mbwana Samatta\Mbwana-Samatta,tz TAN,FW,Aston Villa,26,1992,10.5,179,171,8,0,1,51,1,3,0,0,0,0,94,36,49,22,103,21,1,6,127,0,4,3,6,Matches
410,Carlos Sánchez\Carlos-Sanchez,co COL,MFDF,West Ham,33,1986,1.3,55,55,0,0,0,15,1,0,0,0,0,0,28,13,14,14,32,5,0,2,45,0,0,1,1,Matches
411,Davinson Sánchez\Davinson-Sanchez,co COL,DF,Tottenham,23,1996,27.0,1496,1457,39,24,0,218,42,2,0,0,0,0,1142,160,194,201,1181,70,15,4,1298,2,17,13,20,Matches
412,Leroy Sané\Leroy-Sane,de GER,FW,Manchester City,23,1996,0.1,7,7,0,0,0,0,0,0,0,0,0,0,7,0,0,6,1,0,0,0,6,0,0,0,0,Matches
413,Ismaila Sarr\Ismaila-Sarr,sn SEN,FWMF,Watford,21,1998,22.5,602,592,10,2,3,143,12,97,1,0,1,0,401,113,88,41,526,15,1,5,438,3,13,15,29,Matches
414,Fabian Schär\Fabian-Schar,ch SUI,DFMF,Newcastle Utd,27,1991,18.6,767,697,70,48,0,125,72,12,0,0,0,0,400,107,260,97,593,40,22,0,576,8,20,8,10,Matches
415,Ezequiel Schelotto\Ezequiel-Schelotto,it ITA,DF,Brighton,30,1989,4.0,169,129,40,1,0,31,3,16,0,0,0,0,71,57,41,12,105,8,39,0,121,0,3,3,7,Matches
416,Jeffrey Schlupp\Jeffrey-Schlupp,gh GHA,MFDF,Crystal Palace,26,1992,11.5,342,320,22,3,1,80,8,9,0,0,0,0,218,58,66,229,58,15,19,3,256,3,5,11,10,Matches
417,Kasper Schmeichel\Kasper-Schmeichel,dk DEN,GK,Leicester City,32,1986,38.0,1178,820,358,116,1,110,65,0,0,0,0,0,614,100,464,55,917,3,0,152,904,6,42,4,3,Matches
418,Morgan Schneiderlin\Morgan-Schneiderlin,fr FRA,MF,Everton,29,1989,11.1,567,550,17,10,0,97,30,8,0,0,0,0,338,117,112,77,452,22,0,3,494,0,4,6,9,Matches
419,Ryan Sessegnon\Ryan-Sessegnon,eng ENG,DF,Tottenham,19,2000,3.8,195,168,27,2,0,39,5,13,1,0,1,0,119,42,34,151,11,4,24,0,145,0,1,4,8,Matches
420,Xherdan Shaqiri\Xherdan-Shaqiri,ch SUI,FW,Liverpool,27,1991,2.1,109,96,13,2,0,21,3,6,6,3,1,0,62,26,21,82,17,2,5,0,90,2,0,4,2,Matches
421,Billy Sharp\Billy-Sharp,eng ENG,FW,Sheffield Utd,33,1986,11.7,222,216,6,0,1,69,2,12,0,0,0,0,134,57,31,21,170,18,0,5,162,1,3,7,12,Matches
422,Luke Shaw\Luke-Shaw,eng ENG,DF,Manchester Utd,24,1995,19.3,1296,1137,159,19,1,242,14,37,5,4,0,0,910,203,183,972,111,55,135,3,1121,1,12,19,37,Matches
423,Jonjo Shelvey\Jonjo-Shelvey,eng ENG,MF,Newcastle Utd,27,1992,23.5,1091,964,127,50,6,230,108,87,61,26,24,4,574,158,359,117,925,32,2,4,791,12,23,19,21,Matches
424,Djibril Sidibé\Djibril-Sidibe,fr FRA,DF,Everton,27,1992,20.3,1165,965,200,18,0,184,35,70,1,0,0,0,667,269,229,140,774,47,181,2,909,4,20,26,45,Matches
425,Gylfi Sigurðsson\Gylfi-Sigurdsson,is ISL,MF,Everton,29,1989,28.4,1110,975,135,42,3,160,50,131,71,29,35,5,710,186,214,175,871,38,3,6,868,3,20,14,34,Matches
426,Bernardo Silva\Bernardo-Silva,pt POR,FWMF,Manchester City,24,1994,22.6,1450,1394,56,10,3,251,24,71,19,1,1,0,1102,210,138,1280,95,40,24,2,1262,2,6,15,39,Matches
427,David Silva\David-Silva,es ESP,MF,Manchester City,33,1986,20.3,1513,1455,58,18,11,269,12,35,10,1,2,0,1231,183,99,1292,189,16,5,5,1319,6,14,34,39,Matches
428,Jack Simpson\Jack-Simpson,eng ENG,DF,Bournemouth,22,1997,2.7,100,86,14,0,0,17,3,0,0,0,0,0,53,27,20,68,15,1,14,0,70,1,8,3,3,Matches
429,Moussa Sissoko\Moussa-Sissoko,fr FRA,MF,Tottenham,29,1989,27.2,1279,1212,67,21,2,196,23,23,0,0,0,0,960,186,133,125,1025,47,46,12,1106,3,14,24,23,Matches
430,Oliver Skipp\Oliver-Skipp,eng ENG,MFDF,Tottenham,18,2000,0.9,38,38,0,0,0,5,1,0,0,0,0,0,31,2,5,2,32,4,0,0,33,0,2,2,0,Matches
431,William Smallbone\William-Smallbone,ie IRL,MF,Southampton,19,2000,4.4,210,203,7,1,1,38,6,5,0,0,0,0,142,34,34,31,170,4,1,1,175,0,3,3,5,Matches
432,Adam Smith\Adam-Smith,eng ENG,DF,Bournemouth,28,1991,22.8,1061,856,205,21,1,178,13,28,1,1,0,0,597,201,263,67,734,50,183,2,845,3,22,13,38,Matches
433,Emile Smith-Rowe\Emile-Smith-Rowe,eng ENG,MF,Arsenal,19,2000,1.1,36,36,0,0,0,8,1,1,0,0,0,0,27,6,3,3,32,1,0,0,30,0,1,1,1,Matches
434,Robert Snodgrass\Robert-Snodgrass,sco SCO,MFFW,West Ham,31,1987,16.8,635,529,106,32,2,113,37,135,72,27,24,19,326,103,206,541,53,29,1,2,435,3,6,15,24,Matches
435,Cédric Soares\Cedric-Soares,pt POR,DF,Southampton,27,1991,14.5,724,527,197,11,0,117,19,52,0,0,0,0,271,208,245,64,414,44,186,3,522,3,12,11,14,Matches
436,Cédric Soares\Cedric-Soares,pt POR,DF,Arsenal,27,1991,2.8,133,112,21,3,0,16,6,18,0,0,0,0,66,29,38,19,83,10,18,1,94,0,1,1,7,Matches
437,Dominic Solanke\Dominic-Solanke,eng ENG,FWMF,Bournemouth,21,1997,18.3,429,404,25,1,0,136,3,6,0,0,0,0,268,94,67,40,307,37,1,9,317,1,6,9,19,Matches
438,Tomáš Souček\Tomas-Soucek,cz CZE,MF,West Ham,24,1995,11.6,392,386,6,3,0,95,11,2,1,1,0,0,227,68,97,44,270,34,2,0,274,1,6,5,12,Matches
439,Çağlar Söyüncü\Caglar-Soyuncu,tr TUR,DF,Leicester City,23,1996,33.7,2239,2187,52,44,0,261,53,4,0,0,0,0,1801,194,244,437,1653,84,8,9,2035,8,24,11,19,Matches
440,Dennis Srbeny\Dennis-Srbeny,de GER,MFFW,Norwich City,25,1994,0.5,23,23,0,0,0,4,0,0,0,0,0,0,16,6,1,6,12,3,0,1,17,0,1,0,1,Matches
441,Jack Stacey\Jack-Stacey,eng ENG,DF,Bournemouth,23,1996,17.2,780,625,155,6,0,156,8,34,1,1,0,0,373,190,217,65,497,54,148,1,560,3,13,19,37,Matches
442,Junior Stanislas\Junior-Stanislas,eng ENG,MFDF,Bournemouth,29,1989,7.9,310,275,35,12,1,62,11,37,16,8,5,1,190,61,59,26,263,4,6,2,222,1,7,4,15,Matches
443,Jed Steer\Jed-Steer,eng ENG,GK,Aston Villa,26,1992,0.1,2,1,1,0,0,0,0,0,0,0,0,0,1,0,1,2,0,0,0,0,1,0,0,0,0,Matches
444,Dale Stephens\Dale-Stephens,eng ENG,MF,Brighton,30,1989,28.1,1641,1624,17,12,4,297,58,4,0,0,0,0,1100,284,257,175,1376,63,4,6,1421,4,24,26,25,Matches
445,Jack Stephens\Jack-Stephens,eng ENG,DF,Southampton,25,1994,27.2,1199,1149,50,37,3,197,35,5,0,0,0,0,718,121,360,62,1010,92,13,2,906,6,37,8,23,Matches
446,Raheem Sterling\Raheem-Sterling,eng ENG,FW,Manchester City,24,1994,29.5,1217,1197,20,1,4,290,4,50,1,0,0,0,965,150,102,133,1027,19,13,14,983,1,13,33,55,Matches
447,Enda Stevens\Enda-Stevens,ie IRL,DF,Sheffield Utd,29,1990,37.2,1897,1574,323,7,1,352,28,121,0,0,0,0,1023,424,450,1353,136,70,316,2,1406,6,32,38,89,Matches
448,Marco Stiepermann\Marco-Stiepermann,de GER,MF,Norwich City,28,1991,13.1,405,385,20,0,3,120,4,6,0,0,0,0,284,67,54,342,37,15,2,2,291,1,10,10,26,Matches
449,John Stones\John-Stones,eng ENG,DF,Manchester City,25,1994,12.5,1016,1001,15,11,0,136,36,0,0,0,0,0,847,72,97,103,839,43,4,3,966,1,4,2,4,Matches
450,Isaac Success\Isaac-Success,ng NGA,FWMF,Watford,23,1996,0.8,21,21,0,0,0,12,0,2,0,0,0,0,12,7,2,1,15,1,0,3,14,0,0,1,2,Matches
451,Ki Sung-yueng\Ki-Sung-yueng,kr KOR,MF,Newcastle Utd,30,1989,1.5,67,61,6,3,0,13,8,4,3,3,0,0,45,11,11,5,57,3,0,0,59,0,0,1,0,Matches
452,Andrew Surman\Andrew-Surman,eng ENG,MF,Bournemouth,32,1986,2.6,127,118,9,7,0,20,7,3,2,1,1,0,69,29,29,95,13,15,0,0,102,0,2,1,1,Matches
453,Sam Surridge\Sam-Surridge,eng ENG,FW,Bournemouth,21,1998,0.3,10,10,0,0,1,4,0,1,0,0,0,0,4,2,4,1,4,2,0,0,4,1,0,0,0,Matches
454,Japhet Tanganga\Japhet-Tanganga,eng ENG,DF,Tottenham,20,1999,5.8,232,195,37,4,0,38,5,2,0,0,0,0,135,59,38,21,151,13,33,1,188,0,5,3,11,Matches
455,Matt Targett\Matt-Targett,eng ENG,DF,Aston Villa,23,1995,25.5,1219,978,241,33,0,218,34,81,10,7,0,2,605,290,324,789,133,77,198,5,894,4,25,18,41,Matches
456,James Tarkowski\James-Tarkowski,eng ENG,DF,Burnley,26,1992,38.0,1250,1222,28,25,0,245,32,4,0,0,0,0,617,210,423,153,839,130,3,6,913,6,49,12,19,Matches
457,Charlie Taylor\Charlie-Taylor,eng ENG,DF,Burnley,25,1993,21.6,1035,754,281,11,2,157,25,88,0,0,0,0,356,260,419,660,19,57,270,2,726,5,28,9,48,Matches
458,Neil Taylor\Neil-Taylor,wal WAL,DF,Aston Villa,30,1989,12.1,513,414,99,6,0,94,4,9,0,0,0,0,286,128,99,276,123,16,93,0,410,2,9,5,14,Matches
459,Nathan Tella\Nathan-Tella,eng ENG,FW,Southampton,20,1999,0.0,1,1,0,0,0,1,0,0,0,0,0,0,0,0,1,0,0,0,0,0,0,0,0,0,0,Matches
460,Alexander Tettey\Alexander-Tettey,no NOR,MFDF,Norwich City,33,1986,26.0,1242,1229,13,11,1,280,19,4,1,0,0,0,968,143,131,163,963,79,1,9,1100,0,12,11,13,Matches
461,Jordan Thomas\Jordan-Thomas,eng ENG,FW,Norwich City,,,0.0,0,0,0,0,0,0,0,0,0,0,0,0,0,0,0,0,0,0,0,0,0,0,0,0,0,Matches
462,Luke Thomas\Luke-Thomas,eng ENG,DF,Leicester City,,,3.0,190,162,28,2,0,13,3,16,0,0,0,0,119,40,31,138,17,9,26,0,156,0,4,1,5,Matches
463,Max Thompson\Max-Thompson,eng ENG,FW,Burnley,17,2002,0.0,0,0,0,0,0,0,0,0,0,0,0,0,0,0,0,0,0,0,0,0,0,0,0,0,0,Matches
464,Youri Tielemans\Youri-Tielemans,be BEL,MF,Leicester City,22,1997,31.4,1804,1703,101,46,9,363,65,82,41,7,20,5,1246,256,302,318,1393,45,12,14,1455,10,21,21,38,Matches
465,Kieran Tierney\Kieran-Tierney,sco SCO,DF,Arsenal,22,1997,11.0,544,457,87,7,1,75,12,44,0,0,0,0,304,111,129,379,50,30,80,0,414,3,16,4,21,Matches
466,James Tomkins\James-Tomkins,eng ENG,DF,Crystal Palace,30,1989,17.6,626,597,29,26,0,106,24,1,0,0,0,0,377,96,153,81,474,34,3,0,505,2,14,6,5,Matches
467,Fikayo Tomori\Fikayo-Tomori,eng ENG,DF,Chelsea,21,1997,14.3,1098,1078,20,10,1,130,15,4,0,0,0,0,884,73,141,274,765,35,10,0,981,0,17,6,14,Matches
468,Lucas Torreira\Lucas-Torreira,uy URU,MF,Arsenal,23,1996,16.8,906,867,39,25,1,182,10,12,12,3,3,3,616,147,143,87,749,59,2,2,793,2,7,10,17,Matches
469,Cenk Tosun\Cenk-Tosun,tr TUR,FW,Crystal Palace,28,1991,2.0,47,47,0,0,1,19,0,2,0,0,0,0,23,11,13,13,27,2,0,1,29,2,2,3,2,Matches
470,Cenk Tosun\Cenk-Tosun,tr TUR,FW,Everton,28,1991,3.2,62,61,1,0,0,19,3,2,0,0,0,0,28,21,13,17,34,6,0,3,42,0,2,2,5,Matches
471,Andros Townsend\Andros-Townsend,eng ENG,MF,Crystal Palace,28,1991,14.4,460,431,29,8,2,118,21,66,9,7,0,0,286,63,111,333,113,1,9,1,325,2,12,7,23,Matches
472,Adama Traoré\Adama-Traore,es ESP,FWMF,Wolves,23,1996,28.9,942,888,54,0,3,257,36,182,0,0,0,0,514,169,259,85,741,21,54,7,621,1,19,20,70,Matches
473,Mark Travers\Mark-Travers,ie IRL,GK,Bournemouth,20,1999,1.0,32,23,9,1,0,4,0,0,0,0,0,0,16,3,13,3,24,0,0,5,23,0,1,0,0,Matches
474,Trézéguet\Trezeguet,eg EGY,FWMF,Aston Villa,24,1994,21.7,445,425,20,2,1,90,22,65,10,5,2,0,254,86,105,22,361,28,8,9,295,2,17,11,23,Matches
475,Leandro Trossard\Leandro-Trossard,be BEL,FWMF,Brighton,24,1994,22.3,795,752,43,17,3,173,44,76,10,5,4,1,447,173,175,174,583,15,13,8,567,3,15,22,45,Matches
476,Tom Trybull\Tom-Trybull,de GER,MF,Norwich City,26,1993,12.6,597,578,19,19,0,128,16,0,0,0,0,0,464,78,55,78,481,29,0,1,551,0,6,0,5,Matches
477,Axel Tuanzebe\Axel-Tuanzebe,eng ENG,DF,Manchester Utd,21,1997,2.1,141,129,12,1,0,16,3,1,0,0,0,0,104,24,13,18,104,5,11,1,127,0,0,1,2,Matches
478,Yan Valery\Yan-Valery,fr FRA,DF,Southampton,20,1999,8.7,318,222,96,2,0,65,7,12,0,0,0,0,121,84,113,14,181,15,94,1,198,0,20,7,16,Matches
479,Jesús Vallejo\Jesus-Vallejo,es ESP,DF,Wolves,22,1997,1.8,104,103,1,1,0,13,3,0,0,0,0,0,70,11,23,5,94,2,0,0,81,0,5,1,1,Matches
480,Jamie Vardy\Jamie-Vardy,eng ENG,FW,Leicester City,32,1987,33.7,462,403,59,0,2,98,9,33,0,0,0,0,275,100,87,82,301,37,5,7,314,0,10,12,28,Matches
481,Indiana Vassilev\Indiana-Vassilev,us USA,FWMF,Aston Villa,18,2001,0.6,11,10,1,0,0,5,0,0,0,0,0,0,9,0,2,6,3,1,1,0,8,0,0,1,1,Matches
482,Jan Vertonghen\Jan-Vertonghen,be BEL,DF,Tottenham,32,1987,18.3,1112,1009,103,38,0,166,28,18,0,0,0,0,764,147,201,726,249,47,65,1,930,1,9,13,23,Matches
483,Jannik Vestergaard\Jannik-Vestergaard,dk DEN,DF,Southampton,26,1992,16.6,799,753,46,20,2,137,21,1,0,0,0,0,536,81,182,235,447,59,26,3,641,1,22,4,6,Matches
484,Rúben Vinagre\Ruben-Vinagre,pt POR,DF,Wolves,20,1999,7.2,344,269,75,5,0,64,8,30,0,0,0,0,171,95,78,237,24,7,70,1,257,0,9,4,21,Matches
485,Jake Vokins\Jake-Vokins,eng ENG,DF,Southampton,19,2000,1.0,73,61,12,1,1,11,1,1,0,0,0,0,31,19,23,48,10,2,11,2,60,0,0,1,1,Matches
486,Mario Vrančić\Mario-Vrancic,ba BIH,MF,Norwich City,30,1989,7.1,433,420,13,10,2,95,9,7,1,1,0,0,275,71,87,325,70,25,2,2,338,3,4,11,7,Matches
487,Matěj Vydra\Matej-Vydra,cz CZE,FW,Burnley,27,1992,9.1,138,135,3,0,0,47,0,3,0,0,0,0,72,49,17,22,78,20,1,2,102,0,5,1,5,Matches
488,Theo Walcott\Theo-Walcott,eng ENG,MFFW,Everton,30,1989,14.3,405,394,11,1,3,65,8,41,2,1,1,0,243,92,70,28,341,21,8,2,266,0,11,22,30,Matches
489,Kyle Walker\Kyle-Walker,eng ENG,DF,Manchester City,29,1990,26.6,2144,1922,222,27,2,252,83,55,1,0,0,0,1514,353,277,57,1801,52,194,19,1884,4,25,28,45,Matches
490,Kyle Walker-Peters\Kyle-Walker-Peters,eng ENG,DF,Tottenham,22,1997,2.7,214,187,27,4,0,32,3,8,0,0,0,0,154,33,27,15,171,5,23,0,183,1,1,3,6,Matches
491,Kyle Walker-Peters\Kyle-Walker-Peters,eng ENG,DF,Southampton,22,1997,7.8,436,333,103,9,1,52,3,12,0,0,0,0,252,75,109,35,291,13,94,1,337,0,5,5,17,Matches
492,Aaron Wan-Bissaka\Aaron-Wan-Bissaka,eng ENG,DF,Manchester Utd,21,1997,34.1,2064,1680,384,16,0,299,16,102,0,0,0,0,1334,407,323,79,1558,43,368,2,1676,5,23,35,94,Matches
493,Victor Wanyama\Victor-Wanyama,ke KEN,MF,Tottenham,28,1991,0.3,19,17,2,1,0,2,1,0,0,0,0,0,12,4,3,0,16,2,1,0,18,0,0,0,0,Matches
494,Joel Ward\Joel-Ward,eng ENG,DF,Crystal Palace,29,1989,26.5,1260,979,281,14,0,217,19,37,0,0,0,0,608,328,324,92,793,72,267,10,932,5,37,29,53,Matches
495,James Ward-Prowse\James-Ward-Prowse,eng ENG,MFDF,Southampton,24,1994,38.0,1971,1609,362,87,6,286,98,265,182,82,74,19,1033,324,614,170,1534,152,53,10,1458,4,29,25,41,Matches
496,Kelland Watts\Kelland-Watts,eng ENG,DF,Newcastle Utd,19,1999,0.2,4,4,0,0,0,1,0,0,0,0,0,0,1,0,3,2,2,0,0,0,1,0,0,0,0,Matches
497,Adam Webster\Adam-Webster,eng ENG,DF,Brighton,24,1995,29.6,1824,1740,84,52,1,298,47,6,0,0,0,0,1269,241,314,333,1298,105,31,5,1547,5,26,19,17,Matches
498,Danny Welbeck\Danny-Welbeck,eng ENG,FWMF,Watford,28,1990,9.1,169,161,8,0,0,45,1,1,1,0,1,0,113,32,24,8,128,11,2,2,131,0,1,2,7,Matches
499,Ashley Westwood\Ashley-Westwood,eng ENG,MF,Burnley,29,1990,35.0,1854,1653,201,65,10,278,90,146,91,80,1,2,1004,324,526,102,1663,66,3,5,1381,11,39,19,36,Matches
500,Connor Wickham\Connor-Wickham,eng ENG,FWMF,Crystal Palace,26,1993,1.1,44,42,2,0,0,17,2,0,0,0,0,0,13,15,16,5,16,12,1,1,29,0,0,1,3,Matches
501,Georginio Wijnaldum\Georginio-Wijnaldum,nl NED,MF,Liverpool,28,1990,32.6,1628,1600,28,15,4,278,31,5,0,0,0,0,1298,196,134,171,1359,53,13,7,1477,1,9,17,27,Matches
502,Jetro Willems\Jetro-Willems,nl NED,DF,Newcastle Utd,25,1994,16.6,582,450,132,10,0,98,13,32,1,1,0,0,306,95,181,336,91,21,121,3,408,4,9,17,27,Matches
503,Brandon Williams\Brandon-Williams,eng ENG,DF,Manchester Utd,18,2000,11.2,636,553,83,7,1,91,6,13,1,0,0,0,452,98,86,157,380,15,75,1,531,3,8,15,12,Matches
504,Neco Williams\Neco-Williams,wal WAL,DF,Liverpool,18,2001,2.6,205,166,39,4,1,18,10,14,3,1,2,0,115,32,58,8,155,9,32,0,165,0,6,2,9,Matches
505,Willian\Willian,br BRA,FW,Chelsea,30,1988,28.9,1600,1464,136,16,5,339,82,175,110,27,55,10,1079,246,275,187,1355,37,8,5,1247,4,19,22,49,Matches
506,Joe Willock\Joe-Willock,eng ENG,MFFW,Arsenal,19,1999,9.5,368,358,10,1,0,72,8,7,6,1,0,0,272,46,50,42,301,14,2,4,299,5,6,6,8,Matches
507,Jack Wilshere\Jack-Wilshere,eng ENG,MF,West Ham,27,1992,2.4,73,69,4,3,0,15,0,0,0,0,0,0,53,10,10,60,5,1,0,2,61,0,2,2,1,Matches
508,Callum Wilson\Callum-Wilson,eng ENG,FW,Bournemouth,27,1992,32.3,535,508,27,0,5,164,9,21,0,0,0,0,277,164,94,58,385,33,1,17,345,2,8,9,47,Matches
509,Harry Wilson\Harry-Wilson,wal WAL,MFFW,Bournemouth,22,1997,18.3,609,552,57,10,7,134,30,35,20,12,0,1,367,120,122,511,61,20,9,3,454,0,11,17,34,Matches
510,Harry Winks\Harry-Winks,eng ENG,MF,Tottenham,23,1996,24.7,1656,1583,73,43,5,237,47,27,7,3,2,1,1282,173,201,206,1389,42,5,5,1466,2,18,22,12,Matches
511,Chris Wood\Chris-Wood,nz NZL,FW,Burnley,27,1991,27.1,483,470,13,0,0,163,4,8,0,0,0,0,207,152,124,60,249,69,2,20,312,4,12,13,14,Matches
512,Granit Xhaka\Granit-Xhaka,ch SUI,MF,Arsenal,26,1992,28.7,1886,1822,64,52,3,379,76,16,0,0,0,0,1330,288,268,1477,281,80,12,4,1656,8,21,24,26,Matches
513,Andriy Yarmolenko\Andriy-Yarmolenko,ua UKR,MFFW,West Ham,29,1989,11.0,424,414,10,4,1,92,20,19,3,2,0,1,283,67,74,308,94,15,3,1,338,0,8,7,12,Matches
514,DeAndre Yedlin\DeAndre-Yedlin,us USA,DF,Newcastle Utd,26,1993,10.4,316,274,42,1,0,49,5,26,0,0,0,0,142,73,101,14,234,20,41,3,228,0,7,3,10,Matches
515,Maya Yoshida\Maya-Yoshida,jp JPN,DF,Southampton,30,1988,6.2,247,239,8,5,0,32,8,0,0,0,0,0,171,24,52,49,174,14,3,4,207,1,7,3,3,Matches
516,Ashley Young\Ashley-Young,eng ENG,DF,Manchester Utd,34,1985,10.6,735,553,182,28,1,114,39,62,35,13,14,6,406,130,199,86,502,17,119,5,565,4,21,17,19,Matches
517,Pablo Zabaleta\Pablo-Zabaleta,ar ARG,DF,West Ham,34,1985,6.6,326,258,68,4,0,32,3,15,0,0,0,0,158,56,112,27,201,29,64,0,247,0,3,3,14,Matches
518,Wilfried Zaha\Wilfried-Zaha,ci CIV,MFFW,Crystal Palace,26,1992,36.4,1188,1158,30,1,2,313,30,67,0,0,0,0,939,152,97,152,985,12,25,3,935,2,12,34,72,Matches
519,Christoph Zimmermann\Christoph-Zimmermann,de GER,DF,Norwich City,26,1993,15.9,609,588,21,18,0,124,16,0,0,0,0,0,372,80,157,77,484,31,3,2,492,0,14,5,8,Matches
520,Oleksandr Zinchenko\Oleksandr-Zinchenko,ua UKR,DF,Manchester City,22,1996,14.2,1348,1232,116,9,2,157,20,53,3,0,0,1,986,208,154,1090,91,44,104,4,1198,4,7,14,22,Matches
521,Richairo Živković\Richairo-Zivkovic,nl NED,FW,Sheffield Utd,22,1996,1.2,18,15,3,0,0,4,0,1,0,0,0,0,12,3,3,3,15,0,0,0,16,0,1,0,0,Matches
522,Kurt Zouma\Kurt-Zouma,fr FRA,DF,Chelsea,24,1994,26.0,1982,1952,30,25,0,212,90,0,0,0,0,0,1552,140,290,353,1513,66,5,2,1772,3,31,13,13,Matches