,,,,,,,,Tackles,Tackles,Tackles,Tackles,Tackles,Vs Dribbles,Vs Dribbles,Vs Dribbles,Vs Dribbles,Pressures,Pressures,Pressures,Pressures,Pressures,Pressures,Blocks,Blocks,Blocks,Blocks,,,,,
Rk,Player,Nation,Pos,Squad,Age,Born,90s,Tkl,TklW,Def 3rd,Mid 3rd,Att 3rd,Tkl,Att,Tkl%,Past,Press,Succ,%,Def 3rd,Mid 3rd,Att 3rd,Blocks,Sh,ShSv,Pass,Int,Tkl+Int,Clr,Err,Matches
1,Patrick van Aanholt\Patrick-van-Aanholt,nl NED,DF,Crystal Palace,28,1990,27.9,51,32,33,16,2,22,54,40.7,32,267,74,27.7,159,71,37,57,13,1,44,46,97,67,3,Matches
2,Max Aarons\Max-Aarons,eng ENG,DF,Norwich City,19,2000,36.0,64,36,40,17,7,21,45,46.7,24,485,132,27.2,281,142,62,100,30,2,70,35,99,86,0,Matches
3,Tammy Abraham\Tammy-Abraham,eng ENG,FW,Chelsea,21,1997,24.6,14,10,4,5,5,4,16,25.0,12,430,130,30.2,19,169,242,23,5,0,18,5,19,26,0,Matches
4,Che Adams\Che-Adams,eng ENG,FW,Southampton,23,1996,12.3,8,6,2,4,2,0,5,0.0,5,231,58,25.1,9,97,125,10,1,0,9,2,10,10,0,Matches
5,Adrián\Adrian,es ESP,GK,Liverpool,32,1987,9.7,0,0,0,0,0,0,1,0.0,1,2,0,0.0,2,0,0,0,0,0,0,0,0,0,2,Matches
6,Sergio Agüero\Sergio-Aguero,ar ARG,FW,Manchester City,31,1988,16.1,7,5,0,4,3,1,6,16.7,5,222,56,25.2,13,74,135,15,2,0,13,3,10,3,0,Matches
7,Albian Ajeti\Albian-Ajeti,ch SUI,MFFW,West Ham,22,1997,1.5,1,0,0,0,1,0,0,,0,21,1,4.8,3,6,12,0,0,0,0,1,2,0,0,Matches
8,Nathan Aké\Nathan-Ake,nl NED,DF,Bournemouth,24,1995,27.8,25,11,20,5,0,7,24,29.2,17,222,66,29.7,146,66,10,59,30,0,29,33,58,176,1,Matches
9,Marc Albrighton\Marc-Albrighton,eng ENG,MFDF,Leicester City,29,1989,9.6,23,11,11,11,1,7,29,24.1,22,192,66,34.4,46,95,51,18,1,0,17,8,31,6,0,Matches
10,Toby Alderweireld\Toby-Alderweireld,be BEL,DF,Tottenham,30,1989,32.9,44,24,24,17,3,14,36,38.9,22,258,83,32.2,169,79,10,69,34,1,35,26,70,229,3,Matches
11,Trent Alexander-Arnold\Trent-Alexander-Arnold,eng ENG,DF,Liverpool,20,1998,35.3,58,25,37,15,6,34,85,40.0,51,409,131,32.0,193,123,93,53,9,0,44,46,104,98,2,Matches
12,Alisson\Alisson,br BRA,GK,Liverpool,26,1992,28.3,0,0,0,0,0,0,3,0.0,3,5,1,20.0,5,0,0,0,0,0,0,1,1,2,1,Matches
13,Dele Alli\Dele-Alli,eng ENG,MFFW,Tottenham,23,1996,20.5,41,29,10,24,7,8,32,25.0,24,479,135,28.2,108,234,137,53,7,0,46,14,55,17,0,Matches
14,Miguel Almirón\Miguel-Almiron,py PAR,MFFW,Newcastle Utd,25,1994,33.6,62,36,34,17,11,13,46,28.3,33,732,175,23.9,236,278,218,44,1,0,43,30,92,16,0,Matches
15,Marcos Alonso\Marcos-Alonso,es ESP,DF,Chelsea,28,1990,15.9,27,19,17,6,4,5,28,17.9,23,215,88,40.9,89,84,42,30,1,0,29,20,47,48,0,Matches
16,Steven Alzate\Steven-Alzate,co COL,MFDF,Brighton,20,1998,13.2,28,23,23,3,2,10,22,45.5,12,235,77,32.8,99,94,42,26,3,0,23,13,41,14,0,Matches
17,Ibrahim Amadou\Ibrahim-Amadou,fr FRA,DFMF,Norwich City,26,1993,8.4,21,7,12,8,1,3,11,27.3,8,107,26,24.3,64,40,3,8,6,0,2,17,38,58,1,Matches
18,Felipe Anderson\Felipe-Anderson,br BRA,MFFW,West Ham,26,1993,16.6,45,30,20,18,7,11,48,22.9,37,370,104,28.1,92,189,89,21,1,0,20,21,66,14,0,Matches
19,Florin Andone\Florin-Andone,ro ROU,MFFW,Brighton,26,1993,0.8,2,2,0,1,1,0,0,,0,7,1,14.3,1,3,3,1,1,0,0,0,2,1,0,Matches
20,Angeliño\Angelino,es ESP,DF,Manchester City,22,1997,4.7,8,5,4,3,1,5,6,83.3,1,47,18,38.3,14,25,8,4,0,0,4,9,17,18,0,Matches
21,Faustino Anjorin\Faustino-Anjorin,eng ENG,FW,Chelsea,17,2001,0.2,1,0,1,0,0,0,0,,0,2,1,50.0,0,2,0,1,0,0,1,0,1,0,0,Matches
22,Michail Antonio\Michail-Antonio,eng ENG,FW,West Ham,29,1990,19.6,14,10,5,4,5,2,14,14.3,12,337,78,23.1,31,151,155,26,5,0,21,9,23,9,0,Matches
23,Stuart Armstrong\Stuart-Armstrong,sco SCO,MF,Southampton,27,1992,19.1,49,25,27,14,8,13,46,28.3,33,407,129,31.7,115,187,105,24,5,0,19,10,59,22,1,Matches
24,Kepa Arrizabalaga\Kepa-Arrizabalaga,es ESP,GK,Chelsea,24,1994,33.0,0,0,0,0,0,0,2,0.0,2,3,1,33.3,3,0,0,0,0,0,0,1,1,1,2,Matches
25,Christian Atsu\Christian-Atsu,gh GHA,FWMF,Newcastle Utd,27,1992,8.3,12,9,4,6,2,4,15,26.7,11,243,47,19.3,98,105,40,28,1,0,27,2,14,6,0,Matches
26,Pierre-Emerick Aubameyang\Pierre-Emerick-Aubameyang,ga GAB,FW,Arsenal,30,1989,34.8,39,24,15,14,10,12,50,24.0,38,573,130,22.7,113,256,204,59,2,0,57,11,50,16,0,Matches
27,Serge Aurier\Serge-Aurier,ci CIV,DF,Tottenham,26,1992,30.0,98,55,66,26,6,32,61,52.5,29,521,153,29.4,262,187,72,58,7,0,51,43,141,105,1,Matches
28,Jordan Ayew\Jordan-Ayew,gh GHA,FWMF,Crystal Palace,27,1991,35.0,54,29,16,21,17,15,45,33.3,30,1018,219,21.5,178,515,325,35,6,0,29,13,67,20,0,Matches
29,César Azpilicueta\Cesar-Azpilicueta,es ESP,DF,Chelsea,29,1989,35.9,102,61,50,38,14,37,74,50.0,37,568,186,32.7,250,221,97,81,20,0,61,66,168,146,0,Matches
30,Eric Bailly\Eric-Bailly,ci CIV,DF,Manchester Utd,25,1994,1.7,0,0,0,0,0,0,1,0.0,1,17,4,23.5,10,7,0,3,3,0,0,3,3,7,0,Matches
31,Leighton Baines\Leighton-Baines,eng ENG,DF,Everton,34,1984,4.5,10,6,7,2,1,2,7,28.6,5,51,14,27.5,28,10,13,11,2,0,9,5,15,12,0,Matches
32,Fabián Balbuena\Fabian-Balbuena,py PAR,DF,West Ham,27,1991,13.1,18,11,14,3,1,6,26,23.1,20,116,40,34.5,91,22,3,27,7,0,20,26,44,93,1,Matches
33,George Baldock\George-Baldock,eng ENG,DF,Sheffield Utd,26,1993,38.0,74,45,44,17,13,25,48,52.1,23,564,158,28.0,243,209,112,63,5,0,58,37,111,87,3,Matches
34,Phil Bardsley\Phil-Bardsley,sco SCO,DF,Burnley,34,1985,21.0,55,33,21,25,9,18,33,54.5,15,234,65,27.8,101,111,22,43,12,1,31,29,84,88,0,Matches
35,Ross Barkley\Ross-Barkley,eng ENG,MF,Chelsea,25,1993,12.3,16,11,6,8,2,4,17,23.5,13,171,50,29.2,17,96,58,11,3,1,8,8,24,12,0,Matches
36,Ashley Barnes\Ashley-Barnes,at AUT,FW,Burnley,29,1989,15.0,6,4,1,3,2,2,13,15.4,11,275,63,22.9,20,121,134,17,4,0,13,6,12,14,0,Matches
37,Harvey Barnes\Harvey-Barnes,eng ENG,MFFW,Leicester City,21,1997,23.1,22,12,10,9,3,7,26,26.9,19,328,86,26.2,69,153,106,23,4,0,19,5,27,7,1,Matches
38,Chris Basham\Chris-Basham,eng ENG,DF,Sheffield Utd,31,1988,36.0,84,50,57,23,4,32,79,40.5,47,416,135,32.5,264,119,33,57,19,1,38,73,157,264,2,Matches
39,Borja Bastón\Borja-Baston,es ESP,MFFW,Aston Villa,26,1992,0.2,0,0,0,0,0,0,2,0.0,2,10,1,10.0,0,9,1,1,0,0,1,0,0,1,1,Matches
40,Michy Batshuayi\Michy-Batshuayi,be BEL,FW,Chelsea,25,1993,2.7,2,1,2,0,0,0,2,0.0,2,72,17,23.6,5,34,33,4,2,0,2,0,2,1,0,Matches
41,Jan Bednarek\Jan-Bednarek,pl POL,DF,Southampton,23,1996,34.0,70,38,47,16,7,32,73,43.8,41,321,102,31.8,205,103,13,61,26,0,35,74,144,329,4,Matches
42,Héctor Bellerín\Hector-Bellerin,es ESP,DF,Arsenal,24,1995,12.9,23,16,12,7,4,9,31,29.0,22,183,46,25.1,71,87,25,28,4,0,24,18,41,34,0,Matches
43,Ryan Bennett\Ryan-Bennett,eng ENG,DF,Wolves,29,1990,6.7,4,3,4,0,0,2,7,28.6,5,61,15,24.6,41,19,1,15,7,0,8,9,13,45,1,Matches
44,Ryan Bennett\Ryan-Bennett,eng ENG,DF,Leicester City,29,1990,3.7,5,2,2,3,0,4,6,66.7,2,35,7,20.0,14,19,2,3,1,0,2,7,12,15,0,Matches
45,Nabil Bentaleb\Nabil-Bentaleb,dz ALG,MF,Newcastle Utd,24,1994,8.3,30,23,20,10,0,9,25,36.0,16,177,60,33.9,72,95,10,14,2,0,12,19,49,12,0,Matches
46,Christian Benteke\Christian-Benteke,be BEL,FW,Crystal Palace,28,1990,14.0,9,5,0,6,3,1,8,12.5,7,178,49,27.5,4,70,104,14,6,0,8,4,13,25,0,Matches
47,Jóhann Berg Guðmundsson\Johann-Berg-Gudmundsson,is ISL,MF,Burnley,28,1990,6.9,7,3,2,1,4,2,9,22.2,7,105,19,18.1,34,35,36,10,1,0,9,7,14,8,0,Matches
48,Sander Berge\Sander-Berge,no NOR,MF,Sheffield Utd,21,1998,10.5,26,17,5,15,6,6,15,40.0,9,248,63,25.4,52,132,64,28,1,0,27,10,36,16,0,Matches
49,Steven Bergwijn\Steven-Bergwijn,nl NED,FWMF,Tottenham,21,1997,7.8,5,4,1,3,1,2,10,20.0,8,117,34,29.1,26,68,23,11,0,0,11,3,8,7,0,Matches
50,Bernard\Bernard,br BRA,MFFW,Everton,26,1992,14.2,25,14,9,10,6,6,39,15.4,33,271,69,25.5,64,143,64,30,2,0,28,16,41,8,0,Matches
51,Bernardo\Bernardo,br BRA,DF,Brighton,24,1995,7.5,28,16,14,5,9,12,19,63.2,7,129,44,34.1,56,48,25,16,3,0,13,7,35,25,0,Matches
52,Ryan Bertrand\Ryan-Bertrand,eng ENG,DF,Southampton,29,1989,30.5,48,28,20,19,9,19,55,34.5,36,385,142,36.9,139,162,84,52,13,0,39,31,79,76,1,Matches
53,Muhamed Bešić\Muhamed-Besic,ba BIH,MF,Sheffield Utd,26,1992,2.8,9,6,6,3,0,2,6,33.3,4,71,17,23.9,29,33,9,4,0,0,4,2,11,5,0,Matches
54,Philip Billing\Philip-Billing,dk DEN,MF,Bournemouth,23,1996,28.1,76,46,29,39,8,17,67,25.4,50,692,164,23.7,209,382,101,88,17,0,71,71,147,117,1,Matches
55,Yves Bissouma\Yves-Bissouma,ml MLI,MF,Brighton,22,1996,14.0,58,36,35,20,3,18,38,47.4,20,308,90,29.2,126,143,39,28,4,0,24,22,80,22,0,Matches
56,Willy Boly\Willy-Boly,fr FRA,DF,Wolves,28,1991,22.0,61,40,42,18,1,23,48,47.9,25,271,101,37.3,181,86,4,50,16,0,34,39,100,136,2,Matches
57,Gaëtan Bong\Gaetan-Bong,cm CMR,MFDF,Brighton,31,1988,0.7,0,0,0,0,0,0,0,,0,12,7,58.3,6,4,2,2,1,0,1,0,0,0,0,Matches
58,Sofiane Boufal\Sofiane-Boufal,ma MAR,MFFW,Southampton,25,1993,8.5,21,12,10,8,3,3,13,23.1,10,218,71,32.6,54,94,70,17,0,0,17,3,24,2,0,Matches
59,Jarrod Bowen\Jarrod-Bowen,eng ENG,FW,West Ham,22,1996,10.2,19,13,6,8,5,5,19,26.3,14,174,40,23.0,67,64,43,15,0,0,15,13,32,5,0,Matches
60,Robbie Brady\Robbie-Brady,ie IRL,MF,Burnley,27,1992,5.0,10,5,7,3,0,2,9,22.2,7,126,28,22.2,46,53,27,14,2,0,12,5,15,8,0,Matches
61,Jarrad Branthwaite\Jarrad-Branthwaite,eng ENG,DF,Everton,17,2002,3.3,7,7,5,2,0,1,4,25.0,3,33,16,48.5,21,11,1,5,3,0,2,1,8,17,0,Matches
62,Claudio Bravo\Claudio-Bravo,cl CHI,GK,Manchester City,36,1983,3.9,0,0,0,0,0,0,0,,0,0,0,,0,0,0,0,0,0,0,0,0,0,1,Matches
63,Armando Broja\Armando-Broja,al ALB,FW,Chelsea,17,2001,0.1,0,0,0,0,0,0,0,,0,3,0,0.0,0,2,1,0,0,0,0,0,0,0,0,Matches
64,David Brooks\David-Brooks,wal WAL,MF,Bournemouth,22,1997,5.6,4,3,1,1,2,0,15,0.0,15,101,20,19.8,28,47,26,7,1,0,6,3,7,3,0,Matches
65,Josh Brownhill\Josh-Brownhill,eng ENG,MF,Burnley,23,1995,8.9,15,8,6,7,2,1,7,14.3,6,111,31,27.9,36,54,21,10,3,0,7,13,28,16,0,Matches
66,Emi Buendía\Emi-Buendia,ar ARG,FWMF,Norwich City,22,1996,27.4,88,58,62,18,8,26,112,23.2,86,790,207,26.2,308,334,148,69,5,1,64,22,110,29,1,Matches
67,Dan Burn\Dan-Burn,eng ENG,DF,Brighton,27,1992,32.0,63,36,34,23,6,24,56,42.9,32,465,164,35.3,251,161,53,67,22,0,45,37,100,148,0,Matches
68,Sam Byram\Sam-Byram,eng ENG,DF,Norwich City,25,1993,14.4,46,23,28,11,7,24,49,49.0,25,236,74,31.4,126,83,27,50,10,0,40,24,70,75,0,Matches
69,Willy Caballero\Willy-Caballero,ar ARG,GK,Chelsea,37,1981,5.0,0,0,0,0,0,0,0,,0,0,0,,0,0,0,0,0,0,0,0,0,1,0,Matches
70,Gary Cahill\Gary-Cahill,eng ENG,DF,Crystal Palace,33,1985,24.1,18,12,13,5,0,6,15,40.0,9,106,35,33.0,75,23,8,45,24,0,21,18,36,134,0,Matches
71,Dominic Calvert-Lewin\Dominic-Calvert-Lewin,eng ENG,FW,Everton,22,1997,29.2,15,11,1,9,5,3,18,16.7,15,471,130,27.6,11,191,269,22,5,0,17,6,21,34,0,Matches
72,Víctor Camarasa\Victor-Camarasa,es ESP,MF,Crystal Palace,25,1994,0.1,0,0,0,0,0,0,0,,0,0,0,,0,0,0,0,0,0,0,0,0,0,0,Matches
73,João Cancelo\Joao-Cancelo,pt POR,DF,Manchester City,25,1994,13.4,44,26,23,13,8,18,44,40.9,26,174,59,33.9,67,71,36,12,2,0,10,22,66,27,1,Matches
74,Todd Cantwell\Todd-Cantwell,eng ENG,FWMF,Norwich City,21,1998,27.7,49,29,22,21,6,19,82,23.2,63,575,149,25.9,184,261,130,58,5,0,53,16,65,35,0,Matches
75,Étienne Capoue\Etienne-Capoue,fr FRA,MF,Watford,31,1988,29.2,80,54,43,31,6,34,89,38.2,55,660,172,26.1,287,293,80,53,10,0,43,62,142,70,0,Matches
76,Andy Carroll\Andy-Carroll,eng ENG,FW,Newcastle Utd,30,1989,7.0,7,1,3,1,3,2,8,25.0,6,82,26,31.7,14,38,30,7,3,0,4,1,8,21,0,Matches
77,Jonny Castro\Jonny-Castro,es ESP,DF,Wolves,25,1994,32.1,98,61,60,29,9,34,90,37.8,56,722,215,29.8,326,283,113,79,9,0,70,52,150,45,2,Matches
78,Craig Cathcart\Craig-Cathcart,nir NIR,DF,Watford,30,1989,27.6,37,26,21,15,1,10,30,33.3,20,195,68,34.9,112,75,8,35,16,1,19,22,59,195,2,Matches
79,Dani Ceballos\Dani-Ceballos,es ESP,MF,Arsenal,22,1996,18.8,49,28,25,17,7,17,62,27.4,45,445,120,27.0,197,191,57,29,4,0,25,30,79,22,1,Matches
80,Nathaniel Chalobah\Nathaniel-Chalobah,eng ENG,MF,Watford,24,1994,10.3,33,19,10,16,7,9,27,33.3,18,227,65,28.6,76,112,39,13,5,0,8,16,49,32,0,Matches
81,Calum Chambers\Calum-Chambers,eng ENG,DF,Arsenal,24,1995,12.2,25,18,14,8,3,9,12,75.0,3,143,51,35.7,77,41,25,21,7,0,14,15,40,61,0,Matches
82,Ben Chilwell\Ben-Chilwell,eng ENG,DF,Leicester City,22,1996,26.4,51,26,33,14,4,19,59,32.2,40,414,116,28.0,193,159,62,58,9,0,49,28,79,88,0,Matches
83,Tahith Chong\Tahith-Chong,nl NED,FWMF,Manchester Utd,19,1999,0.4,0,0,0,0,0,0,0,,0,15,4,26.7,4,3,8,0,0,0,0,0,0,0,0,Matches
84,Hamza Choudhury\Hamza-Choudhury,eng ENG,MF,Leicester City,21,1997,9.9,20,13,8,10,2,5,28,17.9,23,192,62,32.3,80,88,24,20,7,0,13,27,47,18,0,Matches
85,Andreas Christensen\Andreas-Christensen,dk DEN,DF,Chelsea,23,1996,19.5,41,20,25,13,3,11,24,45.8,13,156,57,36.5,90,62,4,22,9,0,13,31,72,104,0,Matches
86,Ciaran Clark\Ciaran-Clark,ie IRL,DF,Newcastle Utd,29,1989,13.2,22,12,20,2,0,3,7,42.9,4,122,44,36.1,88,28,6,25,13,0,12,13,35,98,0,Matches
87,Leon Clarke\Leon-Clarke,eng ENG,FWMF,Sheffield Utd,34,1985,0.4,0,0,0,0,0,0,0,,0,17,5,29.4,2,7,8,0,0,0,0,0,0,2,0,Matches
88,Tom Cleverley\Tom-Cleverley,eng ENG,MF,Watford,29,1989,10.8,27,17,11,14,2,11,45,24.4,34,291,85,29.2,98,144,49,20,4,0,16,9,36,15,0,Matches
89,Conor Coady\Conor-Coady,eng ENG,DF,Wolves,26,1993,38.0,41,22,34,7,0,19,38,50.0,19,205,69,33.7,151,54,0,37,18,0,19,27,68,164,0,Matches
90,Séamus Coleman\Seamus-Coleman,ie IRL,DF,Everton,30,1988,20.4,50,31,30,17,3,21,35,60.0,14,216,78,36.1,113,81,22,43,10,0,33,24,74,56,1,Matches
91,Aaron Connolly\Aaron-Connolly,ie IRL,FW,Brighton,19,2000,14.0,12,8,1,5,6,3,12,25.0,9,234,69,29.5,14,94,126,8,1,0,7,0,12,1,0,Matches
92,Lewis Cook\Lewis-Cook,eng ENG,MF,Bournemouth,22,1997,15.0,27,16,15,10,2,8,40,20.0,32,375,71,18.9,125,197,53,20,6,0,14,21,48,15,0,Matches
93,Steve Cook\Steve-Cook,eng ENG,DF,Bournemouth,28,1991,27.0,22,13,15,7,0,9,23,39.1,14,164,55,33.5,111,44,9,47,28,0,19,45,67,222,1,Matches
94,Jack Cork\Jack-Cork,eng ENG,MF,Burnley,30,1989,29.0,39,27,10,21,8,11,65,16.9,54,605,172,28.4,146,347,112,53,12,0,41,29,68,57,0,Matches
95,Aaron Cresswell\Aaron-Cresswell,eng ENG,DF,West Ham,29,1989,30.3,48,29,25,18,5,24,59,40.7,35,355,118,33.2,185,130,40,64,10,0,54,35,83,92,2,Matches
96,Patrick Cutrone\Patrick-Cutrone,it ITA,FW,Wolves,21,1998,3.3,6,4,3,1,2,1,5,20.0,4,95,26,27.4,9,43,43,1,1,0,0,2,8,1,0,Matches
97,Diogo Dalot\Diogo-Dalot,pt POR,DF,Manchester Utd,20,1999,0.7,3,2,3,0,0,2,4,50.0,2,8,4,50.0,3,2,3,1,0,0,1,2,5,4,0,Matches
98,Charlie Daniels\Charlie-Daniels,eng ENG,DF,Bournemouth,32,1986,1.4,1,0,0,1,0,1,2,50.0,1,26,5,19.2,20,6,0,5,1,0,4,1,2,4,1,Matches
99,Scott Dann\Scott-Dann,eng ENG,DF,Crystal Palace,32,1987,14.1,12,5,10,2,0,7,14,50.0,7,41,16,39.0,29,12,0,17,6,0,11,14,26,80,0,Matches
100,Kevin Danso\Kevin-Danso,at AUT,DF,Southampton,20,1998,3.1,8,4,4,4,0,5,8,62.5,3,41,10,24.4,26,13,2,9,4,0,5,3,11,15,0,Matches
101,Ben Davies\Ben-Davies,wal WAL,DF,Tottenham,26,1993,15.9,29,13,13,13,3,5,24,20.8,19,214,63,29.4,98,91,25,43,13,0,30,24,53,67,1,Matches
102,Tom Davies\Tom-Davies,eng ENG,MF,Everton,21,1998,22.5,36,18,13,16,7,8,51,15.7,43,427,99,23.2,158,211,58,34,4,0,30,34,70,35,1,Matches
103,Keinan Davis\Keinan-Davis,eng ENG,FW,Aston Villa,21,1998,6.1,2,2,0,2,0,0,3,0.0,3,88,19,21.6,3,50,35,5,1,0,4,0,2,3,0,Matches
104,Craig Dawson\Craig-Dawson,eng ENG,DF,Watford,29,1990,26.2,30,19,15,13,2,14,31,45.2,17,183,72,39.3,106,66,11,56,35,1,21,34,64,165,1,Matches
105,Kevin De Bruyne\Kevin-De-Bruyne,be BEL,MF,Manchester City,28,1991,31.0,44,28,11,18,15,11,58,19.0,47,554,177,31.9,83,230,241,31,2,0,29,19,63,19,1,Matches
106,Troy Deeney\Troy-Deeney,eng ENG,FW,Watford,31,1988,24.7,24,17,2,14,8,9,30,30.0,21,460,109,23.7,53,227,180,20,2,0,18,11,35,22,0,Matches
107,Fabian Delph\Fabian-Delph,eng ENG,MF,Everton,29,1989,13.2,29,11,11,11,7,11,32,34.4,21,189,55,29.1,76,87,26,22,6,0,16,16,45,19,1,Matches
108,Leander Dendoncker\Leander-Dendoncker,be BEL,MFDF,Wolves,24,1995,31.1,68,40,41,19,8,23,62,37.1,39,573,164,28.6,251,257,65,53,13,0,40,38,106,95,3,Matches
109,Gerard Deulofeu\Gerard-Deulofeu,es ESP,FW,Watford,25,1994,23.3,29,21,15,8,6,13,66,19.7,53,511,133,26.0,113,208,190,16,0,0,16,24,53,6,0,Matches
110,Eric Dier\Eric-Dier,eng ENG,DFMF,Tottenham,25,1994,14.9,25,14,13,10,2,6,22,27.3,16,204,54,26.5,92,93,19,26,11,0,15,19,44,78,0,Matches
111,Lucas Digne\Lucas-Digne,fr FRA,DF,Everton,26,1993,33.7,87,39,58,22,7,30,67,44.8,37,496,133,26.8,249,156,91,69,10,0,59,46,133,145,1,Matches
112,Virgil van Dijk\Virgil-van-Dijk,nl NED,DF,Liverpool,28,1991,38.0,30,20,20,9,1,6,15,40.0,9,133,46,34.6,84,37,12,32,16,1,16,35,65,259,2,Matches
113,Issa Diop\Issa-Diop,fr FRA,DF,West Ham,22,1997,30.7,32,16,22,10,0,15,32,46.9,17,243,84,34.6,156,79,8,47,21,0,26,46,78,190,3,Matches
114,Moussa Djenepo\Moussa-Djenepo,ml MLI,MFDF,Southampton,21,1998,10.3,29,18,18,6,5,8,23,34.8,15,265,79,29.8,67,120,78,24,2,0,22,10,39,12,0,Matches
115,Matt Doherty\Matt-Doherty,ie IRL,DF,Wolves,27,1992,31.5,65,33,36,25,4,26,50,52.0,24,379,107,28.2,181,141,57,64,5,0,59,38,103,78,1,Matches
116,Abdoulaye Doucouré\Abdoulaye-Doucoure,fr FRA,MF,Watford,26,1993,35.1,70,49,29,30,11,16,60,26.7,44,949,239,25.2,270,463,216,59,9,0,50,32,102,45,0,Matches
117,Thomas Doyle\Thomas-Doyle,eng ENG,MFFW,Manchester City,17,2001,0.2,0,0,0,0,0,0,0,,0,5,1,20.0,1,3,1,0,0,0,0,0,0,0,0,Matches
118,Danny Drinkwater\Danny-Drinkwater,eng ENG,MF,Burnley,29,1990,0.6,2,2,1,1,0,0,1,0.0,1,23,5,21.7,10,10,3,1,0,0,1,1,3,0,0,Matches
119,Danny Drinkwater\Danny-Drinkwater,eng ENG,MF,Aston Villa,29,1990,2.9,9,5,6,2,1,1,13,7.7,12,106,22,20.8,36,58,12,3,0,0,3,5,14,4,1,Matches
120,Josip Drmić\Josip-Drmic,ch SUI,FWMF,Norwich City,26,1992,7.2,4,3,2,1,1,1,11,9.1,10,133,35,26.3,24,54,55,8,0,0,8,1,5,5,1,Matches
121,Martin Dúbravka\Martin-Dubravka,sk SVK,GK,Newcastle Utd,30,1989,38.0,0,0,0,0,0,0,1,0.0,1,9,0,0.0,9,0,0,2,0,0,2,1,1,1,3,Matches
122,Ondrej Duda\Ondrej-Duda,sk SVK,MF,Norwich City,24,1994,8.0,19,15,10,6,3,7,20,35.0,13,197,54,27.4,52,105,40,18,2,0,16,6,25,7,0,Matches
123,Shane Duffy\Shane-Duffy,ie IRL,DF,Brighton,27,1992,13.8,16,9,10,5,1,4,18,22.2,14,100,34,34.0,71,27,2,21,8,0,13,21,37,116,0,Matches
124,Paul Dummett\Paul-Dummett,wal WAL,DF,Newcastle Utd,27,1991,13.6,28,6,18,6,4,12,20,60.0,8,163,40,24.5,97,58,8,42,10,0,32,19,47,72,0,Matches
125,Lewis Dunk\Lewis-Dunk,eng ENG,DF,Brighton,27,1991,35.9,43,28,31,12,0,13,41,31.7,28,248,107,43.1,164,72,12,71,37,3,34,54,97,162,1,Matches
126,Ederson\Ederson,br BRA,GK,Manchester City,25,1993,34.1,1,1,1,0,0,1,2,50.0,1,7,2,28.6,7,0,0,0,0,0,0,2,3,2,4,Matches
127,John Egan\John-Egan,ie IRL,DF,Sheffield Utd,26,1992,35.4,45,27,32,13,0,21,45,46.7,24,296,101,34.1,209,80,7,73,33,0,40,56,101,270,4,Matches
128,Harvey Elliot\Harvey-Elliot,eng ENG,DF,Liverpool,16,2003,0.1,0,0,0,0,0,0,0,,0,0,0,,0,0,0,0,0,0,0,0,0,0,0,Matches
129,Ahmed Elmohamady\Ahmed-Elmohamady,eg EGY,DF,Aston Villa,31,1987,11.5,25,17,17,6,2,10,22,45.5,12,109,28,25.7,56,40,13,11,5,0,6,13,38,29,0,Matches
130,Björn Engels\Bjorn-Engels,be BEL,DF,Aston Villa,24,1994,16.1,9,4,7,2,0,5,11,45.5,6,81,29,35.8,54,26,1,26,19,0,7,29,38,111,2,Matches
131,Christian Eriksen\Christian-Eriksen,dk DEN,MFFW,Tottenham,27,1992,12.2,19,12,12,6,1,5,23,21.7,18,260,55,21.2,83,126,51,19,1,0,18,11,30,11,0,Matches
132,Jonny Evans\Jonny-Evans,nir NIR,DF,Leicester City,31,1988,37.6,48,31,31,16,1,27,42,64.3,15,278,111,39.9,178,80,20,53,21,0,32,58,106,271,4,Matches
133,Łukasz Fabiański\Lukasz-Fabianski,pl POL,GK,West Ham,34,1985,23.5,0,0,0,0,0,0,3,0.0,3,10,2,20.0,10,0,0,0,0,0,0,1,1,2,2,Matches
134,Fabinho\Fabinho,br BRA,MF,Liverpool,25,1993,23.1,77,53,27,37,13,26,65,40.0,39,428,139,32.5,149,219,60,36,2,0,34,35,112,34,0,Matches
135,Ralf Fährmann\Ralf-Fahrmann,de GER,GK,Norwich City,30,1988,0.2,0,0,0,0,0,0,0,,0,0,0,,0,0,0,0,0,0,0,0,0,0,0,Matches
136,Akin Famewo\Akin-Famewo,eng ENG,MF,Norwich City,20,1998,0.0,0,0,0,0,0,0,0,,0,0,0,,0,0,0,0,0,0,0,0,0,0,0,Matches
137,Kiko Femenía\Kiko-Femenia,es ESP,DF,Watford,28,1991,24.9,62,32,44,15,3,26,71,36.6,45,384,97,25.3,209,138,37,36,2,0,34,37,99,62,1,Matches
138,Bruno Fernandes\Bruno-Fernandes,pt POR,MF,Manchester Utd,24,1994,13.2,19,14,7,8,4,5,34,14.7,29,257,65,25.3,58,122,77,14,0,0,14,9,28,12,0,Matches
139,Gedson Fernandes\Gedson-Fernandes,pt POR,MFDF,Tottenham,20,1999,0.8,1,1,1,0,0,0,1,0.0,1,18,5,27.8,7,7,4,1,0,0,1,1,2,0,0,Matches
140,Federico Fernández\Federico-Fernandez,ar ARG,DF,Newcastle Utd,30,1989,29.1,50,32,41,8,1,27,51,52.9,24,231,73,31.6,170,48,13,61,31,0,30,22,72,214,1,Matches
141,Fernandinho\Fernandinho,br BRA,DF,Manchester City,34,1985,26.6,44,25,29,15,0,18,47,38.3,29,217,89,41.0,106,90,21,40,17,1,23,25,69,106,1,Matches
142,Roberto Firmino\Roberto-Firmino,br BRA,FW,Liverpool,27,1991,33.2,37,26,7,17,13,10,34,29.4,24,694,216,31.1,57,307,330,47,5,0,42,8,45,16,0,Matches
143,John Fleck\John-Fleck,sco SCO,MF,Sheffield Utd,27,1991,28.0,38,24,17,15,6,18,74,24.3,56,551,146,26.5,150,289,112,44,3,0,41,24,62,24,0,Matches
144,Phil Foden\Phil-Foden,eng ENG,FWMF,Manchester City,19,2000,10.0,16,9,5,8,3,7,17,41.2,10,253,74,29.2,43,105,105,9,0,0,9,7,23,3,0,Matches
145,Pablo Fornals\Pablo-Fornals,es ESP,MFFW,West Ham,23,1996,24.1,42,29,17,18,7,16,70,22.9,54,597,156,26.1,153,275,169,51,1,0,50,24,66,10,0,Matches
146,Ben Foster\Ben-Foster,eng ENG,GK,Watford,36,1983,38.0,0,0,0,0,0,0,3,0.0,3,9,0,0.0,9,0,0,1,0,0,1,1,1,1,2,Matches
147,Timothy Fosu-Mensah\Timothy-Fosu-Mensah,nl NED,DF,Manchester Utd,21,1998,1.5,1,1,1,0,0,1,4,25.0,3,20,6,30.0,10,9,1,0,0,0,0,5,6,2,0,Matches
148,Dimitri Foulquier\Dimitri-Foulquier,fr FRA,MFDF,Watford,26,1993,0.7,1,1,1,0,0,0,1,0.0,1,18,6,33.3,6,9,3,2,0,0,2,2,3,1,0,Matches
149,Juan Foyth\Juan-Foyth,ar ARG,DF,Tottenham,21,1998,0.8,7,4,5,1,1,2,3,66.7,1,14,5,35.7,10,4,0,2,0,0,2,2,9,4,0,Matches
150,Simon Francis\Simon-Francis,eng ENG,DF,Bournemouth,34,1985,10.8,17,12,13,4,0,11,25,44.0,14,107,29,27.1,71,24,12,29,14,0,15,20,37,91,2,Matches
151,Ryan Fraser\Ryan-Fraser,sco SCO,MFFW,Bournemouth,25,1994,23.0,9,8,3,3,3,4,17,23.5,13,298,65,21.8,79,122,97,28,3,2,25,16,25,18,0,Matches
152,Fred\Fred,br BRA,MF,Manchester Utd,26,1993,24.0,79,51,41,33,5,29,98,29.6,69,707,194,27.4,289,328,90,64,8,0,56,38,117,26,0,Matches
153,Ryan Fredericks\Ryan-Fredericks,eng ENG,DF,West Ham,26,1992,24.9,86,48,63,15,8,33,65,50.8,32,325,97,29.8,196,85,44,42,9,1,33,26,112,91,0,Matches
154,Kieron Freeman\Kieron-Freeman,wal WAL,FW,Sheffield Utd,27,1992,0.1,0,0,0,0,0,0,0,,0,2,0,0.0,0,1,1,0,0,0,0,0,0,0,0,Matches
155,Luke Freeman\Luke-Freeman,eng ENG,MF,Sheffield Utd,27,1992,4.1,5,4,1,2,2,2,9,22.2,7,96,24,25.0,31,42,23,9,0,0,9,9,14,6,0,Matches
156,Christian Fuchs\Christian-Fuchs,at AUT,DF,Leicester City,33,1986,8.6,15,9,8,7,0,8,23,34.8,15,144,45,31.3,88,51,5,29,3,0,26,16,31,39,1,Matches
157,Eric García\Eric-Garcia,es ESP,DF,Manchester City,18,2001,8.8,11,4,7,3,1,6,11,54.5,5,74,20,27.0,44,25,5,8,0,0,8,18,29,47,1,Matches
158,James Garner\James-Garner,eng ENG,MF,Manchester Utd,18,2001,0.1,0,0,0,0,0,0,1,0.0,1,2,0,0.0,0,2,0,0,0,0,0,0,0,1,0,Matches
159,Dwight Gayle\Dwight-Gayle,eng ENG,FW,Newcastle Utd,28,1990,9.4,13,10,5,7,1,2,5,40.0,3,118,33,28.0,19,54,45,10,5,0,5,2,15,8,0,Matches
160,Paulo Gazzaniga\Paulo-Gazzaniga,ar ARG,GK,Tottenham,27,1992,17.9,0,0,0,0,0,0,0,,0,1,0,0.0,1,0,0,0,0,0,0,0,0,0,0,Matches
161,Jean-Philippe Gbamin\Jean-Philippe-Gbamin,ci CIV,MF,Everton,23,1995,1.5,5,4,2,1,2,1,4,25.0,3,29,13,44.8,13,11,5,2,0,0,2,1,6,6,0,Matches
162,David de Gea\David-de-Gea,es ESP,GK,Manchester Utd,28,1990,38.0,0,0,0,0,0,0,0,,0,1,0,0.0,1,0,0,0,0,0,0,0,0,1,2,Matches
163,Anwar El Ghazi\Anwar-El-Ghazi,nl NED,FWMF,Aston Villa,24,1995,22.8,17,10,10,5,2,5,24,20.8,19,350,74,21.1,70,163,117,18,1,0,17,12,29,12,0,Matches
164,Morgan Gibbs-White\Morgan-Gibbs-White,eng ENG,MFFW,Wolves,19,2000,1.4,1,1,0,1,0,0,0,,0,27,10,37.0,5,15,7,2,0,0,2,1,2,0,0,Matches
165,Billy Gilmour\Billy-Gilmour,sco SCO,MF,Chelsea,18,2001,2.2,6,4,4,2,0,3,6,50.0,3,36,14,38.9,15,20,1,6,0,0,6,3,9,1,0,Matches
166,Olivier Giroud\Olivier-Giroud,fr FRA,FW,Chelsea,32,1986,11.0,4,3,1,3,0,0,10,0.0,10,207,59,28.5,10,100,97,20,6,0,14,2,6,13,0,Matches
167,Ben Godfrey\Ben-Godfrey,eng ENG,DF,Norwich City,21,1998,29.4,34,22,26,7,1,12,24,50.0,12,234,77,32.9,162,65,7,47,32,0,15,26,60,173,4,Matches
168,André Gomes\Andre-Gomes,pt POR,MF,Everton,26,1993,16.2,32,24,13,14,5,7,63,11.1,56,367,93,25.3,126,195,46,28,3,0,25,7,39,10,0,Matches
169,Angel Gomes\Angel-Gomes,eng ENG,MF,Manchester Utd,18,2000,0.2,0,0,0,0,0,0,0,,0,11,1,9.1,6,4,1,1,0,0,1,0,0,0,0,Matches
170,Joe Gomez\Joe-Gomez,eng ENG,DF,Liverpool,22,1997,22.3,26,15,17,9,0,10,22,45.5,12,151,60,39.7,92,55,4,25,8,0,17,41,67,90,1,Matches
171,Anthony Gordon\Anthony-Gordon,eng ENG,MFFW,Everton,18,2001,4.9,8,6,4,4,0,1,14,7.1,13,120,25,20.8,39,61,20,12,2,0,10,8,16,3,0,Matches
172,Dan Gosling\Dan-Gosling,eng ENG,MF,Bournemouth,29,1990,14.0,28,20,16,8,4,7,30,23.3,23,357,93,26.1,133,149,75,38,11,0,27,20,48,27,0,Matches
173,Andre Gray\Andre-Gray,eng ENG,FW,Watford,28,1991,8.4,5,5,0,1,4,1,1,100.0,0,161,43,26.7,13,61,87,3,1,0,2,1,6,2,0,Matches
174,Demarai Gray\Demarai-Gray,eng ENG,MFFW,Leicester City,23,1996,6.9,8,5,6,1,1,3,14,21.4,11,129,39,30.2,32,63,34,10,0,0,10,5,13,2,0,Matches
175,Jack Grealish\Jack-Grealish,eng ENG,FWMF,Aston Villa,23,1995,35.9,36,28,13,14,9,8,31,25.8,23,574,154,26.8,161,231,182,55,12,0,43,25,61,13,1,Matches
176,Mason Greenwood\Mason-Greenwood,eng ENG,FW,Manchester Utd,17,2001,14.7,19,13,6,6,7,7,21,33.3,14,190,61,32.1,50,75,65,15,0,0,15,8,27,4,0,Matches
177,Arnaut Groeneveld\Arnaut-Groeneveld,nl NED,MF,Bournemouth,22,1997,7.0,6,5,3,2,1,2,7,28.6,5,78,32,41.0,28,27,23,3,0,0,3,8,14,8,1,Matches
178,Pascal Groß\Pascal-Gross,de GER,FWMF,Brighton,28,1991,20.0,33,21,6,19,8,8,32,25.0,24,395,103,26.1,81,195,119,27,2,0,25,9,42,11,0,Matches
179,Vicente Guaita\Vicente-Guaita,es ESP,GK,Crystal Palace,32,1987,35.0,0,0,0,0,0,0,2,0.0,2,3,1,33.3,3,0,0,0,0,0,0,0,0,0,2,Matches
180,Mattéo Guendouzi\Matteo-Guendouzi,fr FRA,MF,Arsenal,20,1999,19.4,24,13,11,9,4,10,36,27.8,26,384,109,28.4,158,175,51,40,7,0,33,30,54,48,0,Matches
181,Frederic Guilbert\Frederic-Guilbert,fr FRA,DF,Aston Villa,24,1994,22.7,82,38,50,22,10,34,74,45.9,40,416,115,27.6,228,133,55,65,13,0,52,48,130,87,1,Matches
182,İlkay Gündoğan\Ilkay-Gundogan,de GER,MF,Manchester City,28,1990,22.4,28,19,6,15,7,10,47,21.3,37,255,73,28.6,65,135,55,25,5,0,20,30,58,21,0,Matches
183,Angus Gunn\Angus-Gunn,eng ENG,GK,Southampton,23,1996,10.0,0,0,0,0,0,0,1,0.0,1,3,1,33.3,3,0,0,0,0,0,0,0,0,0,0,Matches
184,Sébastien Haller\Sebastien-Haller,fr FRA,FW,West Ham,25,1994,25.2,21,17,10,9,2,3,28,10.7,25,571,126,22.1,43,304,224,34,7,0,27,8,29,24,1,Matches
185,Grant Hanley\Grant-Hanley,sco SCO,DF,Norwich City,27,1991,14.0,27,17,16,11,0,11,19,57.9,8,143,50,35.0,97,43,3,34,20,0,14,30,57,103,1,Matches
186,Kortney Hause\Kortney-Hause,eng ENG,DF,Aston Villa,24,1995,17.2,27,22,23,2,2,11,22,50.0,11,182,73,40.1,112,59,11,46,22,1,24,20,47,114,5,Matches
187,Isaac Hayden\Isaac-Hayden,eng ENG,MF,Newcastle Utd,24,1995,24.7,63,37,35,20,8,12,45,26.7,33,476,126,26.5,213,203,60,38,8,0,30,36,99,34,1,Matches
188,Tom Heaton\Tom-Heaton,eng ENG,GK,Aston Villa,33,1986,19.9,0,0,0,0,0,0,2,0.0,2,3,0,0.0,3,0,0,0,0,0,0,0,0,1,0,Matches
189,Dean Henderson\Dean-Henderson,eng ENG,GK,Sheffield Utd,22,1997,36.0,0,0,0,0,0,0,0,,0,1,0,0.0,1,0,0,1,0,0,1,0,0,3,0,Matches
190,Jordan Henderson\Jordan-Henderson,eng ENG,MF,Liverpool,29,1990,24.9,65,36,22,31,12,23,63,36.5,40,532,169,31.8,134,287,111,37,5,0,32,29,94,27,0,Matches
191,Jeff Hendrick\Jeff-Hendrick,ie IRL,MF,Burnley,27,1992,21.5,18,10,7,7,4,2,30,6.7,28,356,69,19.4,83,175,98,35,7,0,28,19,37,19,0,Matches
192,Wayne Hennessey\Wayne-Hennessey,wal WAL,GK,Crystal Palace,32,1987,3.0,0,0,0,0,0,0,0,,0,0,0,,0,0,0,0,0,0,0,1,1,0,0,Matches
193,Javier Hernández\Javier-Hernandez,mx MEX,FW,West Ham,31,1988,1.2,0,0,0,0,0,0,1,0.0,1,26,6,23.1,0,7,19,0,0,0,0,0,0,0,0,Matches
194,Onel Hernández\Onel-Hernandez,cu CUB,FWMF,Norwich City,26,1993,15.4,37,27,17,10,10,13,32,40.6,19,244,84,34.4,96,86,62,21,2,1,19,19,56,10,0,Matches
195,Son Heung-min\Son-Heung-min,kr KOR,FWMF,Tottenham,27,1992,27.5,33,21,15,15,3,11,66,16.7,55,544,133,24.4,130,247,167,28,0,0,28,19,52,19,0,Matches
196,George Hirst\George-Hirst,eng ENG,FW,Leicester City,20,1999,0.1,0,0,0,0,0,0,0,,0,3,0,0.0,0,2,1,0,0,0,0,0,0,0,0,Matches
197,Rob Holding\Rob-Holding,eng ENG,DF,Arsenal,23,1995,6.5,6,3,5,1,0,2,3,66.7,1,47,14,29.8,32,10,5,19,6,0,13,5,11,45,2,Matches
198,José Holebas\Jose-Holebas,gr GRE,DF,Watford,35,1984,11.4,25,12,20,5,0,6,25,24.0,19,179,59,33.0,94,63,22,23,3,0,20,2,27,40,0,Matches
199,Mason Holgate\Mason-Holgate,eng ENG,DF,Everton,22,1996,22.8,50,28,34,15,1,21,37,56.8,16,242,77,31.8,146,83,13,32,16,1,16,32,82,145,1,Matches
200,Nathan Holland\Nathan-Holland,eng ENG,MF,West Ham,21,1998,0.4,1,0,1,0,0,0,0,,0,13,4,30.8,5,4,4,1,0,0,1,0,1,0,0,Matches
201,Conor Hourihane\Conor-Hourihane,ie IRL,MF,Aston Villa,28,1991,17.0,21,14,5,12,4,8,24,33.3,16,224,38,17.0,68,103,53,27,6,0,21,12,33,24,0,Matches
202,Callum Hudson-Odoi\Callum-Hudson-Odoi,eng ENG,FW,Chelsea,18,2000,9.6,8,5,5,2,1,1,10,10.0,9,121,29,24.0,22,59,40,18,0,0,18,2,10,6,0,Matches
203,Will Hughes\Will-Hughes,eng ENG,MFFW,Watford,24,1995,25.0,80,49,30,37,13,27,86,31.4,59,678,182,26.8,199,334,145,65,9,0,56,35,115,29,0,Matches
204,Pierre Højbjerg\Pierre-Hojbjerg,dk DEN,MF,Southampton,23,1995,30.6,90,57,43,40,7,36,103,35.0,67,632,212,33.5,206,338,88,63,6,0,57,45,135,78,2,Matches
205,Jordon Ibe\Jordon-Ibe,eng ENG,DF,Bournemouth,23,1995,0.6,3,3,3,0,0,0,0,,0,11,3,27.3,5,5,1,0,0,0,0,0,3,0,0,Matches
206,Adam Idah\Adam-Idah,ie IRL,FWMF,Norwich City,18,2001,2.5,4,4,2,1,1,1,3,33.3,2,36,9,25.0,9,14,13,6,0,0,6,0,4,1,0,Matches
207,Odion Ighalo\Odion-Ighalo,ng NGA,FW,Manchester Utd,30,1989,1.1,2,2,0,2,0,1,2,50.0,1,23,5,21.7,4,6,13,2,1,0,1,0,2,0,0,Matches
208,Kelechi Iheanacho\Kelechi-Iheanacho,ng NGA,FW,Leicester City,22,1996,10.7,6,5,0,4,2,3,10,30.0,7,193,56,29.0,21,89,83,9,1,0,8,4,10,5,0,Matches
209,Danny Ings\Danny-Ings,eng ENG,FW,Southampton,27,1992,31.2,51,32,17,24,10,15,69,21.7,54,859,227,26.4,148,363,348,64,5,0,59,12,63,24,0,Matches
210,Alex Iwobi\Alex-Iwobi,ng NGA,MFFW,Everton,23,1996,17.7,27,14,11,14,2,10,33,30.3,23,369,96,26.0,99,181,89,20,3,0,17,13,40,13,1,Matches
211,Phil Jagielka\Phil-Jagielka,eng ENG,DF,Sheffield Utd,36,1982,2.7,6,4,4,2,0,1,6,16.7,5,26,9,34.6,18,8,0,9,5,0,4,4,10,26,0,Matches
212,Alireza Jahanbakhsh\Alireza-Jahanbakhsh,ir IRN,FWMF,Brighton,25,1993,3.5,7,3,2,2,3,3,6,50.0,3,51,20,39.2,15,16,20,5,0,0,5,1,8,4,0,Matches
213,Daniel James\Daniel-James,wal WAL,FW,Manchester Utd,21,1997,25.4,25,15,6,12,7,6,45,13.3,39,569,143,25.1,124,263,182,37,4,0,33,8,33,10,0,Matches
214,Matty James\Matty-James,eng ENG,MF,Leicester City,28,1991,0.1,0,0,0,0,0,0,0,,0,2,2,100.0,0,1,1,0,0,0,0,0,0,0,0,Matches
215,Reece James\Reece-James,eng ENG,DF,Chelsea,19,1999,16.8,42,23,20,17,5,14,31,45.2,17,271,72,26.6,125,113,33,46,8,0,38,23,65,39,0,Matches
216,Daryl Janmaat\Daryl-Janmaat,nl NED,DF,Watford,30,1989,6.7,16,6,7,5,4,6,17,35.3,11,137,31,22.6,55,53,29,14,2,0,12,6,22,25,0,Matches
217,Gabriel Jesus\Gabriel-Jesus,br BRA,FW,Manchester City,22,1997,22.6,25,19,4,9,12,5,25,20.0,20,419,127,30.3,25,154,240,31,4,0,27,14,39,7,0,Matches
218,Raúl Jiménez\Raul-Jimenez,mx MEX,FW,Wolves,28,1991,36.0,29,23,7,15,7,2,26,7.7,24,589,141,23.9,33,292,264,32,4,0,28,14,43,31,0,Matches
219,Joelinton\Joelinton,br BRA,FW,Newcastle Utd,22,1996,29.8,30,19,5,17,8,11,35,31.4,24,595,135,22.7,73,311,211,33,7,1,26,11,41,28,0,Matches
220,Ben Johnson\Ben-Johnson,eng ENG,DF,West Ham,19,2000,3.0,8,4,5,2,1,4,6,66.7,2,36,6,16.7,19,10,7,9,3,0,6,3,11,15,0,Matches
221,Curtis Jones\Curtis-Jones,eng ENG,MF,Liverpool,18,2001,1.4,3,2,0,1,2,2,3,66.7,1,27,7,25.9,5,8,14,3,0,0,3,2,5,1,0,Matches
222,Phil Jones\Phil-Jones,eng ENG,DF,Manchester Utd,27,1992,1.5,4,2,2,2,0,2,2,100.0,0,18,9,50.0,12,5,1,1,0,0,1,4,8,19,1,Matches
223,Bruno Jordão\Bruno-Jordao,pt POR,FW,Wolves,20,1998,0.1,0,0,0,0,0,0,0,,0,0,0,,0,0,0,1,0,0,1,0,0,0,0,Matches
224,Jorginho\Jorginho,it ITA,MF,Chelsea,27,1991,26.4,69,44,22,35,12,27,85,31.8,58,556,162,29.1,187,298,71,41,5,1,36,64,133,34,0,Matches
225,Jota\Jota,es ESP,FWMF,Aston Villa,28,1991,3.7,3,2,1,1,1,2,9,22.2,7,119,17,14.3,43,52,24,3,0,0,3,3,6,6,0,Matches
226,Diogo Jota\Diogo-Jota,pt POR,FWMF,Wolves,22,1996,25.4,34,21,13,18,3,12,44,27.3,32,573,127,22.2,124,294,155,17,0,0,17,8,42,9,0,Matches
227,James Justin\James-Justin,eng ENG,DF,Leicester City,21,1998,11.2,35,19,21,13,1,13,23,56.5,10,158,57,36.1,75,59,24,25,7,0,18,9,44,30,0,Matches
228,Christian Kabasele\Christian-Kabasele,be BEL,DF,Watford,28,1991,25.0,40,24,32,8,0,16,36,44.4,20,248,86,34.7,141,89,18,55,28,0,27,37,77,170,2,Matches
229,Harry Kane\Harry-Kane,eng ENG,FW,Tottenham,26,1993,28.7,20,14,5,13,2,6,19,31.6,13,448,100,22.3,22,219,207,31,12,0,19,5,25,30,0,Matches
230,N'Golo Kanté\NGolo-Kante,fr FRA,MF,Chelsea,28,1991,19.2,58,43,29,22,7,12,33,36.4,21,438,141,32.2,153,190,95,43,3,0,40,46,104,35,0,Matches
231,Moise Kean\Moise-Kean,it ITA,FW,Everton,19,2000,9.5,7,6,2,2,3,0,3,0.0,3,119,36,30.3,12,50,57,4,1,0,3,6,13,3,0,Matches
232,Michael Keane\Michael-Keane,eng ENG,DF,Everton,26,1993,28.4,41,26,26,14,1,15,27,55.6,12,189,65,34.4,124,60,5,52,27,0,25,46,87,208,1,Matches
233,Naby Keïta\Naby-Keita,gn GUI,MF,Liverpool,24,1995,9.1,27,20,8,13,6,9,25,36.0,16,213,78,36.6,41,99,73,19,0,0,19,11,38,4,0,Matches
234,Lloyd Kelly\Lloyd-Kelly,eng ENG,DF,Bournemouth,20,1998,7.1,9,6,5,4,0,5,9,55.6,4,73,29,39.7,39,27,7,11,6,0,5,6,15,17,1,Matches
235,Martin Kelly\Martin-Kelly,eng ENG,DF,Crystal Palace,29,1990,17.2,24,18,18,6,0,12,29,41.4,17,181,63,34.8,129,42,10,50,15,0,35,15,39,102,3,Matches
236,Max Kilman\Max-Kilman,eng ENG,DF,Wolves,22,1997,2.1,4,3,3,1,0,2,4,50.0,2,17,5,29.4,11,5,1,2,1,0,1,4,8,17,0,Matches
237,Joshua King\Joshua-King,no NOR,FWMF,Bournemouth,27,1992,22.3,19,15,8,7,4,2,15,13.3,13,496,123,24.8,80,219,197,27,4,0,23,5,24,11,0,Matches
238,Timm Klose\Timm-Klose,ch SUI,DF,Norwich City,31,1988,6.5,9,4,4,5,0,5,11,45.5,6,54,24,44.4,37,17,0,11,6,0,5,8,17,29,2,Matches
239,Jonathan Kodjia\Jonathan-Kodjia,ci CIV,FWMF,Aston Villa,29,1989,1.3,0,0,0,0,0,0,1,0.0,1,33,9,27.3,6,15,12,2,2,0,0,0,0,2,0,Matches
240,Sead Kolašinac\Sead-Kolasinac,ba BIH,DF,Arsenal,26,1993,18.9,35,18,22,6,7,12,25,48.0,13,230,67,29.1,116,81,33,23,5,0,18,24,59,45,1,Matches
241,Ezri Konsa\Ezri-Konsa,eng ENG,DF,Aston Villa,21,1998,22.7,27,18,20,7,0,6,16,37.5,10,193,63,32.6,107,65,21,55,23,0,32,21,48,83,3,Matches
242,Cheikhou Kouyaté\Cheikhou-Kouyate,sn SEN,MFDF,Crystal Palace,29,1989,28.1,70,45,45,23,2,23,50,46.0,27,418,123,29.4,190,178,50,60,13,0,47,38,108,79,1,Matches
243,Mateo Kovačić\Mateo-Kovacic,hr CRO,MF,Chelsea,25,1994,23.0,80,55,31,42,7,30,78,38.5,48,534,173,32.4,152,282,100,28,2,0,26,20,100,17,0,Matches
244,Emil Krafth\Emil-Krafth,se SWE,DF,Newcastle Utd,24,1994,11.3,20,12,16,2,2,6,21,28.6,15,134,40,29.9,85,36,13,20,9,0,11,9,29,40,0,Matches
245,Tim Krul\Tim-Krul,nl NED,GK,Norwich City,31,1988,36.0,0,0,0,0,0,0,1,0.0,1,7,1,14.3,7,0,0,0,0,0,0,1,1,1,1,Matches
246,Alexandre Lacazette\Alexandre-Lacazette,fr FRA,FW,Arsenal,28,1991,20.8,23,19,6,12,5,4,17,23.5,13,464,114,24.6,55,220,189,13,0,0,13,7,30,14,0,Matches
247,Adam Lallana\Adam-Lallana,eng ENG,MFFW,Liverpool,31,1988,4.2,20,12,9,9,2,9,27,33.3,18,132,41,31.1,45,54,33,13,0,0,13,4,24,3,0,Matches
248,Érik Lamela\Erik-Lamela,ar ARG,MFFW,Tottenham,27,1992,13.5,27,21,8,15,4,5,22,22.7,17,315,88,27.9,81,150,84,19,3,0,16,7,34,8,0,Matches
249,Tariq Lamptey\Tariq-Lamptey,eng ENG,DF,Brighton,18,2000,6.5,9,3,8,1,0,0,9,0.0,9,91,17,18.7,39,32,20,13,1,0,12,18,27,15,1,Matches
250,Tariq Lamptey\Tariq-Lamptey,eng ENG,DF,Chelsea,18,2000,0.4,2,0,1,1,0,2,2,100.0,0,3,3,100.0,1,1,1,0,0,0,0,0,2,0,0,Matches
251,Henri Lansbury\Henri-Lansbury,eng ENG,MF,Aston Villa,28,1990,2.2,5,2,3,1,1,0,4,0.0,4,61,18,29.5,24,18,19,6,0,0,6,0,5,1,0,Matches
252,Manuel Lanzini\Manuel-Lanzini,ar ARG,MFFW,West Ham,26,1993,15.3,11,9,6,3,2,5,37,13.5,32,344,76,22.1,77,198,69,12,1,0,11,9,20,4,0,Matches
253,Aymeric Laporte\Aymeric-Laporte,fr FRA,DF,Manchester City,25,1994,12.2,12,8,8,4,0,7,13,53.8,6,62,26,41.9,32,27,3,6,5,0,1,19,31,39,2,Matches
254,Jamaal Lascelles\Jamaal-Lascelles,eng ENG,DF,Newcastle Utd,25,1993,23.1,18,10,14,4,0,5,14,35.7,9,163,60,36.8,110,47,6,37,23,0,14,29,47,165,1,Matches
255,Valentino Lazaro\Valentino-Lazaro,at AUT,DFMF,Newcastle Utd,23,1996,5.3,11,2,9,2,0,6,14,42.9,8,98,22,22.4,46,40,12,6,0,0,6,3,14,4,0,Matches
256,Moritz Leitner\Moritz-Leitner,de GER,MF,Norwich City,26,1992,7.6,18,9,10,6,2,5,20,25.0,15,160,33,20.6,85,49,26,18,5,0,13,8,26,6,0,Matches
257,Florian Lejeune\Florian-Lejeune,fr FRA,DF,Newcastle Utd,28,1991,4.9,8,6,6,2,0,5,9,55.6,4,58,19,32.8,39,18,1,13,2,0,11,11,19,27,1,Matches
258,Aaron Lennon\Aaron-Lennon,eng ENG,MF,Burnley,32,1987,5.5,15,9,7,4,4,9,14,64.3,5,143,27,18.9,37,67,39,8,2,0,6,7,22,6,0,Matches
259,Bernd Leno\Bernd-Leno,de GER,GK,Arsenal,27,1992,29.4,0,0,0,0,0,0,3,0.0,3,1,0,0.0,1,0,0,0,0,0,0,0,0,2,1,Matches
260,Jefferson Lerma\Jefferson-Lerma,co COL,MF,Bournemouth,24,1994,30.0,81,49,28,47,6,29,62,46.8,33,575,173,30.1,205,322,48,50,12,0,38,54,135,69,0,Matches
261,Jamal Lewis\Jamal-Lewis,nir NIR,DF,Norwich City,21,1998,25.6,56,31,45,6,5,18,44,40.9,26,370,112,30.3,231,98,41,55,12,0,43,28,84,68,1,Matches
262,Victor Lindelöf\Victor-Lindelof,se SWE,DF,Manchester Utd,25,1994,34.4,30,16,21,8,1,12,17,70.6,5,221,64,29.0,117,98,6,50,21,0,29,26,56,170,0,Matches
263,Jesse Lingard\Jesse-Lingard,eng ENG,MFFW,Manchester Utd,26,1992,10.4,13,9,5,2,6,4,16,25.0,12,336,80,23.8,62,173,101,9,1,0,8,2,15,1,0,Matches
264,Hugo Lloris\Hugo-Lloris,fr FRA,GK,Tottenham,32,1986,20.1,0,0,0,0,0,0,0,,0,1,0,0.0,1,0,0,0,0,0,0,1,1,1,2,Matches
265,Giovani Lo Celso\Giovani-Lo-Celso,ar ARG,MFFW,Tottenham,23,1996,16.6,51,33,13,31,7,9,53,17.0,44,420,134,31.9,141,211,68,29,6,0,23,12,63,20,1,Matches
266,Jürgen Locadia\Jurgen-Locadia,nl NED,MFFW,Brighton,25,1993,1.0,1,1,0,1,0,0,0,,0,12,6,50.0,0,6,6,0,0,0,0,0,1,0,0,Matches
267,Ruben Loftus-Cheek\Ruben-Loftus-Cheek,eng ENG,MFFW,Chelsea,23,1996,2.3,0,0,0,0,0,0,1,0.0,1,21,10,47.6,8,4,9,3,1,0,2,1,1,3,0,Matches
268,Kevin Long\Kevin-Long,ie IRL,DF,Burnley,28,1990,6.3,10,8,8,2,0,3,8,37.5,5,54,17,31.5,35,17,2,15,9,0,6,4,14,39,0,Matches
269,Shane Long\Shane-Long,ie IRL,FW,Southampton,32,1987,15.5,19,15,5,10,4,5,22,22.7,17,315,98,31.1,31,120,164,18,4,0,14,3,22,12,1,Matches
270,Matthew Longstaff\Matthew-Longstaff,eng ENG,MF,Newcastle Utd,19,2000,6.4,6,3,3,3,0,1,11,9.1,10,189,34,18.0,74,102,13,3,1,1,2,6,12,2,0,Matches
271,Sean Longstaff\Sean-Longstaff,eng ENG,MF,Newcastle Utd,21,1997,15.3,43,21,19,20,4,20,54,37.0,34,513,112,21.8,208,247,58,31,3,0,28,21,64,30,2,Matches
272,Dejan Lovren\Dejan-Lovren,hr CRO,DF,Liverpool,30,1989,8.6,16,9,12,4,0,7,13,53.8,6,80,22,27.5,56,22,2,13,6,0,7,11,27,81,1,Matches
273,Matthew Lowton\Matthew-Lowton,eng ENG,DF,Burnley,30,1989,17.0,44,24,20,21,3,24,43,55.8,19,202,60,29.7,99,74,29,42,9,1,33,26,70,79,1,Matches
274,David Luiz\David-Luiz,br BRA,DF,Arsenal,32,1987,31.2,33,20,22,10,1,10,26,38.5,16,191,66,34.6,143,43,5,63,40,0,23,30,63,183,3,Matches
275,Douglas Luiz\Douglas-Luiz,br BRA,MF,Aston Villa,21,1998,29.0,52,33,34,14,4,19,66,28.8,47,592,155,26.2,263,263,66,64,18,1,46,36,88,44,2,Matches
276,John Lundstram\John-Lundstram,eng ENG,MF,Sheffield Utd,25,1994,27.3,50,33,22,18,10,19,68,27.9,49,605,172,28.4,173,302,130,29,4,0,25,33,83,51,0,Matches
277,Alexis Mac Allister\Alexis-Mac-Allister,ar ARG,MFFW,Brighton,20,1998,3.9,9,4,4,3,2,4,9,44.4,5,105,25,23.8,27,51,27,14,1,0,13,1,10,1,0,Matches
278,James Maddison\James-Maddison,eng ENG,MF,Leicester City,22,1996,29.2,56,39,19,23,14,22,69,31.9,47,627,199,31.7,160,338,129,21,1,0,20,10,66,8,1,Matches
279,Harry Maguire\Harry-Maguire,eng ENG,DF,Manchester Utd,26,1993,38.0,44,27,25,18,1,14,36,38.9,22,240,90,37.5,155,77,8,45,25,0,20,75,119,245,1,Matches
280,Riyad Mahrez\Riyad-Mahrez,dz ALG,FW,Manchester City,28,1991,21.6,32,21,9,13,10,13,48,27.1,35,394,111,28.2,72,154,168,38,1,0,37,19,51,7,0,Matches
281,Ainsley Maitland-Niles\Ainsley-Maitland-Niles,eng ENG,DF,Arsenal,21,1997,15.4,41,27,30,9,2,14,42,33.3,28,297,84,28.3,179,86,32,29,5,0,24,29,70,41,0,Matches
282,Sadio Mané\Sadio-Mane,sn SEN,FW,Liverpool,27,1992,30.5,50,35,13,23,14,15,46,32.6,31,504,153,30.4,106,167,231,30,1,0,29,14,64,5,0,Matches
283,Javier Manquillo\Javier-Manquillo,es ESP,DF,Newcastle Utd,25,1994,17.8,47,32,32,11,4,24,39,61.5,15,220,71,32.3,120,77,23,35,5,0,30,20,67,60,0,Matches
284,Solly March\Solly-March,eng ENG,DFFW,Brighton,25,1994,12.7,26,17,16,8,2,9,21,42.9,12,158,44,27.8,54,57,47,22,3,0,19,21,47,19,1,Matches
285,Pablo Marí\Pablo-Mari,es ESP,DF,Arsenal,25,1993,1.3,3,1,2,1,0,1,2,50.0,1,11,3,27.3,6,4,1,1,0,0,1,1,4,14,0,Matches
286,Adrian Mariappa\Adrian-Mariappa,jm JAM,DF,Watford,32,1986,16.8,25,12,18,5,2,11,38,28.9,27,197,57,28.9,114,64,19,35,9,0,26,10,35,93,1,Matches
287,Anthony Martial\Anthony-Martial,fr FRA,FW,Manchester Utd,23,1995,29.2,15,12,1,4,10,1,13,7.7,12,379,108,28.5,23,128,228,19,1,0,18,4,19,16,0,Matches
288,David Martin\David-Martin,eng ENG,GK,West Ham,33,1986,4.8,0,0,0,0,0,0,0,,0,1,1,100.0,1,0,0,1,0,0,1,0,0,0,1,Matches
289,Josh Martin\Josh-Martin,eng ENG,FW,Norwich City,17,2001,0.4,0,0,0,0,0,0,0,,0,13,2,15.4,6,3,4,1,0,0,1,1,1,0,0,Matches
290,Martinelli\Martinelli,br BRA,FW,Arsenal,18,2001,7.4,23,13,12,9,2,6,17,35.3,11,247,69,27.9,88,101,58,20,1,0,19,3,26,7,0,Matches
291,Emiliano Martínez\Emiliano-Martinez,ar ARG,GK,Arsenal,26,1992,8.6,0,0,0,0,0,0,0,,0,1,0,0.0,1,0,0,0,0,0,0,0,0,0,2,Matches
292,Adam Masina\Adam-Masina,it ITA,DF,Watford,25,1994,20.2,40,25,26,11,3,14,45,31.1,31,262,77,29.4,119,105,38,41,13,2,28,28,68,99,2,Matches
293,Arthur Masuaku\Arthur-Masuaku,cd COD,DF,West Ham,25,1993,10.4,43,27,28,12,3,11,30,36.7,19,223,65,29.1,128,81,14,29,3,0,26,13,56,29,1,Matches
294,Juan Mata\Juan-Mata,es ESP,MFFW,Manchester Utd,31,1988,8.4,8,7,2,4,2,2,13,15.4,11,118,35,29.7,18,54,46,7,1,0,6,0,8,1,0,Matches
295,Nemanja Matić\Nemanja-Matic,rs SRB,MF,Manchester Utd,30,1988,17.6,41,21,18,22,1,9,33,27.3,24,276,79,28.6,103,151,22,33,9,0,24,23,64,35,1,Matches
296,Joël Matip\Joel-Matip,cm CMR,DF,Liverpool,27,1991,7.8,13,9,5,6,2,5,12,41.7,7,64,27,42.2,35,27,2,7,3,0,4,13,26,76,0,Matches
297,Neal Maupay\Neal-Maupay,fr FRA,FW,Brighton,22,1996,30.7,28,17,8,13,7,8,36,22.2,28,703,185,26.3,70,278,355,31,4,0,27,5,33,7,0,Matches
298,James McArthur\James-McArthur,sco SCO,MF,Crystal Palace,31,1987,34.3,110,70,50,46,14,36,106,34.0,70,932,263,28.2,368,438,126,97,24,1,73,61,171,57,0,Matches
299,Oliver McBurnie\Oliver-McBurnie,sco SCO,FW,Sheffield Utd,23,1996,23.5,35,21,9,20,6,7,39,17.9,32,619,150,24.2,57,291,271,33,3,0,30,18,53,43,0,Matches
300,Alex McCarthy\Alex-McCarthy,eng ENG,GK,Southampton,29,1989,28.0,0,0,0,0,0,0,0,,0,1,1,100.0,1,0,0,0,0,0,0,0,0,0,2,Matches
301,James McCarthy\James-McCarthy,ie IRL,MF,Crystal Palace,28,1990,18.7,77,42,33,37,7,30,69,43.5,39,419,125,29.8,163,208,48,35,5,0,30,27,104,19,1,Matches
302,John McGinn\John-McGinn,sco SCO,MF,Aston Villa,24,1994,25.7,59,41,24,22,13,20,66,30.3,46,508,144,28.3,137,254,117,32,2,0,30,25,84,20,1,Matches
303,David McGoldrick\David-McGoldrick,ie IRL,FW,Sheffield Utd,31,1987,20.2,42,26,10,23,9,5,17,29.4,12,460,118,25.7,46,241,173,20,3,1,17,3,45,24,0,Matches
304,Michael McGovern\Michael-McGovern,nir NIR,GK,Norwich City,35,1984,1.8,0,0,0,0,0,0,0,,0,0,0,,0,0,0,0,0,0,0,0,0,0,0,Matches
305,Kenny McLean\Kenny-McLean,sco SCO,MF,Norwich City,27,1992,33.0,48,31,26,18,4,16,53,30.2,37,589,160,27.2,226,278,85,47,8,1,39,38,86,69,1,Matches
306,Dwight McNeil\Dwight-McNeil,eng ENG,MF,Burnley,19,1999,37.1,55,28,20,22,13,17,68,25.0,51,734,178,24.3,208,334,192,71,6,1,65,28,83,34,0,Matches
307,Scott McTominay\Scott-McTominay,sco SCO,MF,Manchester Utd,22,1996,19.7,50,31,20,26,4,17,38,44.7,21,262,84,32.1,94,138,30,39,6,0,33,33,83,52,0,Matches
308,Ben Mee\Ben-Mee,eng ENG,DF,Burnley,29,1989,32.0,35,16,23,12,0,19,36,52.8,17,176,56,31.8,108,62,6,64,34,0,30,44,79,279,0,Matches
309,Benjamin Mendy\Benjamin-Mendy,fr FRA,DF,Manchester City,25,1994,16.6,22,17,9,8,5,10,29,34.5,19,142,41,28.9,59,52,31,21,2,0,19,17,39,43,3,Matches
310,Nampalys Mendy\Nampalys-Mendy,fr FRA,MF,Leicester City,27,1992,3.2,7,4,4,2,1,1,2,50.0,1,42,14,33.3,22,18,2,5,1,0,4,6,13,7,0,Matches
311,Chris Mepham\Chris-Mepham,wal WAL,DF,Bournemouth,21,1997,10.1,23,14,14,9,0,9,16,56.3,7,132,49,37.1,83,42,7,20,12,0,8,17,40,75,1,Matches
312,Max Meyer\Max-Meyer,de GER,MFFW,Crystal Palace,23,1995,7.3,17,8,9,8,0,4,17,23.5,13,144,39,27.1,64,63,17,13,1,0,12,9,26,3,0,Matches
313,Luka Milivojević\Luka-Milivojevic,rs SRB,MF,Crystal Palace,28,1991,27.9,60,37,34,24,2,28,76,36.8,48,519,135,26.0,249,229,41,47,8,0,39,39,99,66,1,Matches
314,James Milner\James-Milner,eng ENG,MFDF,Liverpool,33,1986,10.4,17,10,3,12,2,4,22,18.2,18,169,41,24.3,50,93,26,15,3,1,12,8,25,25,0,Matches
315,Yerry Mina\Yerry-Mina,co COL,DF,Everton,24,1994,25.4,43,20,30,11,2,15,27,55.6,12,229,66,28.8,155,60,14,37,18,0,19,29,72,178,1,Matches
316,Takumi Minamino\Takumi-Minamino,jp JPN,FWMF,Liverpool,24,1995,2.8,4,3,1,3,0,1,7,14.3,6,63,20,31.7,11,27,25,3,0,0,3,0,4,2,0,Matches
317,Tyrone Mings\Tyrone-Mings,eng ENG,DF,Aston Villa,26,1993,32.2,25,17,18,6,1,10,18,55.6,8,160,66,41.3,106,43,11,72,55,2,17,33,58,223,7,Matches
318,Tyrick Mitchell\Tyrick-Mitchell,eng ENG,DF,Crystal Palace,19,1999,2.2,6,2,4,0,2,1,9,11.1,8,48,13,27.1,24,15,9,6,0,0,6,3,9,1,0,Matches
319,Henrikh Mkhitaryan\Henrikh-Mkhitaryan,am ARM,FW,Arsenal,30,1989,1.2,0,0,0,0,0,0,3,0.0,3,32,8,25.0,4,16,12,2,0,0,2,0,0,1,0,Matches
320,Nacho Monreal\Nacho-Monreal,es ESP,DF,Arsenal,33,1986,3.0,4,4,3,1,0,1,3,33.3,2,34,10,29.4,19,13,2,3,1,0,2,3,7,17,0,Matches
321,Martín Montoya\Martin-Montoya,es ESP,DF,Brighton,28,1991,21.1,49,28,30,14,5,22,50,44.0,28,375,92,24.5,163,159,53,41,6,0,35,29,78,55,1,Matches
322,Simon Moore\Simon-Moore,eng ENG,GK,Sheffield Utd,29,1990,2.0,0,0,0,0,0,0,1,0.0,1,3,0,0.0,3,0,0,0,0,0,0,0,0,0,0,Matches
323,Aaron Mooy\Aaron-Mooy,au AUS,MFFW,Brighton,28,1990,23.2,43,31,13,19,11,8,45,17.8,37,421,125,29.7,111,198,112,48,7,1,41,23,66,29,0,Matches
324,Wesley Moraes\Wesley-Moraes,br BRA,FW,Aston Villa,22,1996,19.8,14,10,2,6,6,0,5,0.0,5,313,78,24.9,17,145,151,18,6,0,12,4,18,26,0,Matches
325,Wes Morgan\Wes-Morgan,jm JAM,DF,Leicester City,35,1984,4.8,5,4,3,2,0,1,3,33.3,2,30,16,53.3,16,13,1,6,4,0,2,7,12,30,0,Matches
326,Ravel Morrison\Ravel-Morrison,eng ENG,MF,Sheffield Utd,26,1993,0.1,0,0,0,0,0,0,0,,0,3,1,33.3,0,1,2,0,0,0,0,0,0,0,0,Matches
327,Mason Mount\Mason-Mount,eng ENG,MFFW,Chelsea,20,1999,31.9,48,31,14,21,13,13,47,27.7,34,734,205,27.9,123,340,271,26,1,0,25,15,63,16,0,Matches
328,Lucas Moura\Lucas-Moura,br BRA,FWMF,Tottenham,26,1992,24.9,53,33,19,21,13,12,60,20.0,48,532,144,27.1,111,284,137,40,2,0,38,15,68,21,0,Matches
329,Lys Mousset\Lys-Mousset,fr FRA,FW,Sheffield Utd,23,1996,13.8,11,4,2,5,4,2,7,28.6,5,296,83,28.0,12,120,164,10,3,0,7,4,15,2,0,Matches
330,João Moutinho\Joao-Moutinho,pt POR,MF,Wolves,32,1986,34.5,92,54,42,40,10,43,141,30.5,98,882,213,24.1,305,479,98,64,14,0,50,48,140,30,2,Matches
331,Glenn Murray\Glenn-Murray,eng ENG,FW,Brighton,35,1983,8.9,3,2,0,2,1,0,6,0.0,6,144,35,24.3,10,74,60,6,1,0,5,1,4,9,0,Matches
332,Shkodran Mustafi\Shkodran-Mustafi,de GER,DF,Arsenal,27,1992,13.4,14,9,9,4,1,2,13,15.4,11,108,36,33.3,52,50,6,15,7,0,8,18,32,111,2,Matches
333,Yoshinori Mutō\Yoshinori-Muto,jp JPN,FWMF,Newcastle Utd,27,1992,2.4,3,2,0,3,0,0,3,0.0,3,52,13,25.0,7,24,21,1,0,0,1,0,3,0,0,Matches
334,Georges-Kévin N'Koudou\Georges-Kevin-NKoudou,fr FRA,FW,Tottenham,24,1995,0.0,0,0,0,0,0,0,1,0.0,1,7,3,42.9,0,2,5,0,0,0,0,0,0,0,0,Matches
335,Marvelous Nakamba\Marvelous-Nakamba,zw ZIM,MF,Aston Villa,25,1994,20.4,65,47,32,29,4,15,68,22.1,53,491,168,34.2,212,240,39,61,11,0,50,38,103,34,1,Matches
336,Wilfred Ndidi\Wilfred-Ndidi,ng NGA,MF,Leicester City,22,1996,29.7,125,76,61,52,12,37,105,35.2,68,744,243,32.7,275,396,73,71,5,0,66,84,209,82,1,Matches
337,Tanguy Ndombele\Tanguy-Ndombele,fr FRA,MF,Tottenham,22,1996,11.2,27,19,12,14,1,10,27,37.0,17,226,56,24.8,79,107,40,27,4,0,23,13,40,8,0,Matches
338,Reiss Nelson\Reiss-Nelson,eng ENG,FW,Arsenal,19,1999,7.0,12,6,8,3,1,8,14,57.1,6,164,31,18.9,52,69,43,13,1,0,12,3,15,2,0,Matches
339,Pedro Neto\Pedro-Neto,pt POR,FWMF,Wolves,19,2000,10.4,11,5,3,8,0,2,15,13.3,13,239,66,27.6,52,123,64,5,0,0,5,7,18,6,0,Matches
340,Rúben Neves\Ruben-Neves,pt POR,MF,Wolves,22,1997,34.0,64,42,26,33,5,32,104,30.8,72,688,170,24.7,301,344,43,70,11,1,59,55,119,53,0,Matches
341,Jeremy Ngakia\Jeremy-Ngakia,eng ENG,DF,West Ham,18,2000,4.9,19,12,16,3,0,7,23,30.4,16,112,34,30.4,79,29,4,11,1,0,10,7,26,17,0,Matches
342,Oumar Niasse\Oumar-Niasse,sn SEN,FW,Everton,29,1990,0.2,4,1,0,2,2,2,2,100.0,0,9,1,11.1,1,5,3,2,0,0,2,1,5,0,0,Matches
343,Eddie Nketiah\Eddie-Nketiah,eng ENG,FW,Arsenal,20,1999,7.0,10,7,4,5,1,2,7,28.6,5,163,39,23.9,11,78,74,5,0,0,5,1,11,4,0,Matches
344,Mark Noble\Mark-Noble,eng ENG,MF,West Ham,32,1987,29.7,50,36,19,25,6,16,69,23.2,53,502,136,27.1,159,255,88,29,6,0,23,21,71,14,0,Matches
345,Oliver Norwood\Oliver-Norwood,nir NIR,MF,Sheffield Utd,28,1991,34.3,75,44,42,27,6,23,91,25.3,68,586,162,27.6,266,258,62,46,13,0,33,51,126,64,0,Matches
346,Ørjan Nyland\Orjan-Nyland,no NOR,GK,Aston Villa,28,1990,6.0,0,0,0,0,0,0,0,,0,0,0,,0,0,0,0,0,0,0,0,0,1,1,Matches
347,Jack O'Connell\Jack-OConnell,eng ENG,DF,Sheffield Utd,25,1994,32.4,35,20,22,10,3,14,29,48.3,15,266,91,34.2,152,89,25,75,21,0,54,41,76,214,1,Matches
348,Michael Obafemi\Michael-Obafemi,ie IRL,FW,Southampton,19,2000,7.4,6,2,1,1,4,3,12,25.0,9,179,56,31.3,20,61,98,4,1,0,3,4,10,0,0,Matches
349,Angelo Ogbonna\Angelo-Ogbonna,it ITA,DF,West Ham,31,1988,31.0,45,34,29,12,4,14,36,38.9,22,313,117,37.4,224,73,16,78,34,0,44,32,77,171,0,Matches
350,Divock Origi\Divock-Origi,be BEL,FW,Liverpool,24,1995,8.0,15,10,2,7,6,4,7,57.1,3,152,53,34.9,15,61,76,6,0,0,6,4,19,7,0,Matches
351,Ben Osborn\Ben-Osborn,eng ENG,MFDF,Sheffield Utd,24,1994,6.6,18,10,14,3,1,4,15,26.7,11,163,40,24.5,58,70,35,17,1,0,16,6,24,10,0,Matches
352,Nicolás Otamendi\Nicolas-Otamendi,ar ARG,DF,Manchester City,31,1988,19.1,22,12,19,2,1,13,31,41.9,18,109,36,33.0,65,38,6,28,11,1,17,19,41,89,2,Matches
353,Alex Oxlade-Chamberlain\Alex-Oxlade-Chamberlain,eng ENG,MFFW,Liverpool,25,1993,16.5,23,14,4,12,7,5,25,20.0,20,374,111,29.7,79,171,124,27,2,0,25,22,45,7,0,Matches
354,Mesut Özil\Mesut-Ozil,de GER,MF,Arsenal,30,1988,16.0,13,10,9,4,0,2,19,10.5,17,305,63,20.7,67,178,60,9,0,0,9,5,18,3,0,Matches
355,Emerson Palmieri\Emerson-Palmieri,it ITA,DF,Chelsea,24,1994,11.4,22,7,9,10,3,6,13,46.2,7,126,44,34.9,37,60,29,31,2,0,29,17,39,22,0,Matches
356,Sokratis Papastathopoulos\Sokratis-Papastathopoulos,gr GRE,DF,Arsenal,31,1988,18.8,23,13,17,5,1,11,25,44.0,14,181,51,28.2,121,55,5,41,22,0,19,14,37,108,0,Matches
357,Troy Parrott\Troy-Parrott,ie IRL,MF,Tottenham,17,2002,0.1,0,0,0,0,0,0,0,,0,4,2,50.0,2,0,2,0,0,0,0,0,0,0,0,Matches
358,Rui Patrício\Rui-Patricio,pt POR,GK,Wolves,31,1988,38.0,0,0,0,0,0,0,2,0.0,2,5,0,0.0,5,0,0,1,0,0,1,2,2,1,1,Matches
359,Pedro\Pedro,es ESP,FW,Chelsea,32,1987,7.3,17,10,7,7,3,3,18,16.7,15,152,49,32.2,34,72,46,7,0,0,7,9,26,1,0,Matches
360,João Pedro\Joao-Pedro,br BRA,FWMF,Watford,17,2001,0.3,0,0,0,0,0,0,0,,0,6,1,16.7,1,4,1,0,0,0,0,0,0,1,0,Matches
361,Nicolas Pépé\Nicolas-Pepe,ci CIV,FW,Arsenal,24,1995,22.3,30,19,14,13,3,11,23,47.8,12,354,89,25.1,94,156,104,20,2,0,18,7,37,3,0,Matches
362,Andreas Pereira\Andreas-Pereira,br BRA,MFFW,Manchester Utd,23,1996,16.5,22,12,5,11,6,10,42,23.8,32,429,114,26.6,79,235,115,24,0,0,24,6,28,6,0,Matches
363,Ricardo Pereira\Ricardo-Pereira,pt POR,DF,Leicester City,25,1993,28.0,122,68,71,35,16,56,121,46.3,65,563,176,31.3,272,189,102,59,8,0,51,43,165,97,2,Matches
364,Roberto Pereyra\Roberto-Pereyra,ar ARG,FWMF,Watford,28,1991,18.3,17,10,9,4,4,5,29,17.2,24,344,93,27.0,74,158,112,38,1,0,37,12,29,5,1,Matches
365,Ayoze Pérez\Ayoze-Perez,es ESP,MFFW,Leicester City,26,1993,22.3,51,34,15,26,10,14,58,24.1,44,575,174,30.3,106,293,176,32,2,0,30,13,64,12,0,Matches
366,Jordan Pickford\Jordan-Pickford,eng ENG,GK,Everton,25,1994,38.0,0,0,0,0,0,0,5,0.0,5,8,3,37.5,8,0,0,0,0,0,0,1,1,1,1,Matches
367,Brandon Pierrick\Brandon-Pierrick,eng ENG,MF,Crystal Palace,17,2001,0.2,,0,,,,,,,,,,,,,,,,,,1,0,,,Matches
368,Erik Pieters\Erik-Pieters,nl NED,DFMF,Burnley,30,1988,20.9,58,41,23,32,3,22,62,35.5,40,345,85,24.6,162,141,42,65,8,0,57,27,85,89,0,Matches
369,Daniel Podence\Daniel-Podence,pt POR,FWMF,Wolves,23,1995,3.2,2,2,1,0,1,0,3,0.0,3,43,13,30.2,8,20,15,5,1,0,4,3,5,3,0,Matches
370,Paul Pogba\Paul-Pogba,fr FRA,MF,Manchester Utd,26,1993,13.4,25,16,11,10,4,8,19,42.1,11,164,57,34.8,61,70,33,20,7,0,13,5,30,13,1,Matches
371,Nick Pope\Nick-Pope,eng ENG,GK,Burnley,27,1992,38.0,0,0,0,0,0,0,1,0.0,1,5,1,20.0,5,0,0,1,0,0,1,2,2,0,1,Matches
372,Dennis Praet\Dennis-Praet,be BEL,MF,Leicester City,25,1994,12.6,30,18,7,19,4,10,31,32.3,21,304,76,25.0,93,162,49,26,2,0,24,15,45,13,1,Matches
373,Sebastian Prödl\Sebastian-Prodl,at AUT,DF,Watford,32,1987,0.6,0,0,0,0,0,0,0,,0,3,0,0.0,2,1,0,0,0,0,0,0,0,4,0,Matches
374,Davy Pröpper\Davy-Propper,nl NED,MF,Brighton,27,1991,31.4,58,38,29,23,6,22,68,32.4,46,484,144,29.8,195,235,54,39,11,0,28,30,88,43,2,Matches
375,Teemu Pukki\Teemu-Pukki,fi FIN,FW,Norwich City,29,1990,32.1,17,12,4,5,8,2,37,5.4,35,602,160,26.6,48,245,309,22,3,0,19,6,23,9,0,Matches
376,Christian Pulisic\Christian-Pulisic,us USA,FW,Chelsea,20,1998,19.1,31,19,17,10,4,11,35,31.4,24,380,112,29.5,91,171,118,23,0,0,23,7,38,11,0,Matches
377,Ignacio Pussetto\Ignacio-Pussetto,ar ARG,FWDF,Watford,23,1995,0.8,6,3,3,2,1,3,9,33.3,6,38,8,21.1,19,17,2,3,1,1,2,3,9,4,0,Matches
378,Domingos Quina\Domingos-Quina,pt POR,MF,Watford,19,1999,0.2,1,0,1,0,0,1,3,33.3,2,16,3,18.8,5,7,4,2,0,0,2,0,1,0,0,Matches
379,Aaron Ramsdale\Aaron-Ramsdale,eng ENG,GK,Bournemouth,21,1998,37.0,0,0,0,0,0,0,2,0.0,2,8,1,12.5,8,0,0,1,0,0,1,0,0,0,2,Matches
380,Darren Randolph\Darren-Randolph,ie IRL,GK,West Ham,32,1987,2.0,0,0,0,0,0,0,0,,0,0,0,,0,0,0,0,0,0,0,0,0,0,0,Matches
381,Marcus Rashford\Marcus-Rashford,eng ENG,FW,Manchester Utd,21,1997,29.4,12,6,1,7,4,7,28,25.0,21,378,102,27.0,32,175,171,26,0,0,26,9,21,20,0,Matches
382,Nathan Redmond\Nathan-Redmond,eng ENG,MFFW,Southampton,25,1994,30.7,57,46,16,25,16,19,64,29.7,45,643,193,30.0,164,254,225,39,2,0,37,15,72,13,0,Matches
383,Pepe Reina\Pepe-Reina,es ESP,GK,Aston Villa,36,1982,12.0,0,0,0,0,0,0,1,0.0,1,4,1,25.0,4,0,0,0,0,0,0,0,0,1,2,Matches
384,Declan Rice\Declan-Rice,eng ENG,MF,West Ham,20,1999,38.0,122,89,66,52,4,32,95,33.7,63,819,237,28.9,386,385,48,68,9,0,59,78,200,62,0,Matches
385,Richarlison\Richarlison,br BRA,FW,Everton,22,1997,34.1,68,45,26,28,14,19,57,33.3,38,709,188,26.5,120,332,257,34,5,0,29,12,80,48,0,Matches
386,Diego Rico\Diego-Rico,es ESP,DF,Bournemouth,26,1993,25.9,65,42,41,21,3,18,56,32.1,38,407,126,31.0,210,138,59,82,6,0,76,80,145,99,0,Matches
387,Jaïro Riedewald\Jairo-Riedewald,nl NED,DFMF,Crystal Palace,22,1996,8.5,15,12,5,8,2,8,13,61.5,5,118,40,33.9,50,52,16,13,2,0,11,15,30,17,0,Matches
388,Matt Ritchie\Matt-Ritchie,sco SCO,DFMF,Newcastle Utd,29,1989,14.6,24,17,11,10,3,4,17,23.5,13,208,49,23.6,89,70,49,27,4,0,23,12,36,36,0,Matches
389,Roberto\Roberto,es ESP,GK,West Ham,33,1986,7.6,0,0,0,0,0,0,0,,0,0,0,,0,0,0,0,0,0,0,0,0,0,0,Matches
390,Patrick Roberts\Patrick-Roberts,eng ENG,MFFW,Norwich City,22,1997,0.3,0,0,0,0,0,0,0,,0,4,1,25.0,2,2,0,0,0,0,0,0,0,0,0,Matches
391,Andrew Robertson\Andrew-Robertson,sco SCO,DF,Liverpool,25,1994,34.6,60,32,19,25,16,31,69,44.9,38,390,134,34.4,136,144,110,59,7,0,52,38,98,82,0,Matches
392,Callum Robinson\Callum-Robinson,ie IRL,FW,Sheffield Utd,24,1995,7.5,4,4,1,1,2,1,4,25.0,3,178,50,28.1,29,80,69,4,0,0,4,5,9,2,0,Matches
393,Jack Robinson\Jack-Robinson,eng ENG,DF,Sheffield Utd,25,1993,5.6,9,3,5,4,0,5,10,50.0,5,53,16,30.2,32,19,2,15,5,0,10,7,16,39,0,Matches
394,Rodri\Rodri,es ESP,MF,Manchester City,23,1996,27.6,64,44,23,33,8,28,68,41.2,40,462,137,29.7,142,254,66,28,6,0,22,28,92,61,0,Matches
395,Jay Rodriguez\Jay-Rodriguez,eng ENG,FW,Burnley,30,1989,22.4,33,17,7,16,10,6,36,16.7,30,574,150,26.1,77,244,253,43,11,0,32,5,38,7,0,Matches
396,Jack Rodwell\Jack-Rodwell,eng ENG,MF,Sheffield Utd,28,1991,0.2,0,0,0,0,0,0,0,,0,1,0,0.0,1,0,0,0,0,0,0,0,0,1,0,Matches
397,Marcos Rojo\Marcos-Rojo,ar ARG,DF,Manchester Utd,29,1990,1.4,2,1,1,1,0,0,3,0.0,3,16,4,25.0,6,9,1,1,1,0,0,0,2,9,0,Matches
398,Oriol Romeu\Oriol-Romeu,es ESP,MF,Southampton,27,1991,20.7,56,39,22,28,6,29,83,34.9,54,441,141,32.0,169,222,50,58,15,0,43,32,88,56,0,Matches
399,Danny Rose\Danny-Rose,eng ENG,DF,Newcastle Utd,29,1990,9.6,26,15,15,10,1,9,20,45.0,11,92,29,31.5,57,30,5,11,1,0,10,9,35,21,0,Matches
400,Danny Rose\Danny-Rose,eng ENG,DF,Tottenham,29,1990,9.9,16,13,5,7,4,7,17,41.2,10,103,34,33.0,47,35,21,23,7,0,16,7,23,34,0,Matches
401,Antonio Rüdiger\Antonio-Rudiger,de GER,DF,Chelsea,26,1993,19.0,43,24,28,13,2,13,21,61.9,8,166,64,38.6,99,64,3,27,8,0,19,13,56,108,2,Matches
402,Lukas Rupp\Lukas-Rupp,de GER,FWMF,Norwich City,28,1991,7.7,13,9,7,3,3,2,15,13.3,13,192,48,25.0,80,83,29,17,1,0,16,14,27,4,1,Matches
403,Mathew Ryan\Mathew-Ryan,au AUS,GK,Brighton,27,1992,38.0,0,0,0,0,0,0,5,0.0,5,10,4,40.0,10,0,0,0,0,0,0,2,2,2,4,Matches
404,Allan Saint-Maximin\Allan-Saint-Maximin,fr FRA,MFFW,Newcastle Utd,22,1997,20.7,17,11,11,2,4,5,25,20.0,20,251,62,24.7,75,113,63,21,3,0,18,9,26,6,0,Matches
405,Romain Saïss\Romain-Saiss,ma MAR,DF,Wolves,29,1990,30.1,66,30,46,20,0,23,45,51.1,22,343,116,33.8,228,106,9,58,19,0,39,51,117,201,1,Matches
406,Bukayo Saka\Bukayo-Saka,eng ENG,DFFW,Arsenal,17,2001,19.5,38,22,20,11,7,13,33,39.4,20,288,84,29.2,105,106,77,25,4,0,21,12,50,21,1,Matches
407,Mamadou Sakho\Mamadou-Sakho,fr FRA,DF,Crystal Palace,29,1990,10.3,12,7,10,1,1,0,5,0.0,5,53,15,28.3,34,19,0,15,5,0,10,22,34,53,1,Matches
408,Mohamed Salah\Mohamed-Salah,eg EGY,FW,Liverpool,27,1992,32.0,21,13,3,5,13,4,27,14.8,23,552,180,32.6,48,161,343,13,3,0,10,8,29,2,0,Matches
409,Mbwana Samatta\Mbwana-Samatta,tz TAN,FW,Aston Villa,26,1992,10.5,9,7,1,6,2,1,9,11.1,8,173,45,26.0,7,84,82,8,1,0,7,1,10,6,0,Matches
410,Carlos Sánchez\Carlos-Sanchez,co COL,MFDF,West Ham,33,1986,1.3,2,1,0,2,0,1,1,100.0,0,26,6,23.1,6,18,2,2,0,0,2,2,4,5,0,Matches
411,Davinson Sánchez\Davinson-Sanchez,co COL,DF,Tottenham,23,1996,27.0,49,36,37,12,0,17,52,32.7,35,278,105,37.8,189,83,6,56,29,0,27,34,83,160,2,Matches
412,Leroy Sané\Leroy-Sane,de GER,FW,Manchester City,23,1996,0.1,0,0,0,0,0,0,0,,0,0,0,,0,0,0,0,0,0,0,0,0,0,0,Matches
413,Ismaila Sarr\Ismaila-Sarr,sn SEN,FWMF,Watford,21,1998,22.5,25,19,13,5,7,5,22,22.7,17,423,102,24.1,108,182,133,20,3,0,17,15,40,6,0,Matches
414,Fabian Schär\Fabian-Schar,ch SUI,DFMF,Newcastle Utd,27,1991,18.6,49,27,35,12,2,22,48,45.8,26,225,60,26.7,149,68,8,44,21,1,23,51,100,104,2,Matches
415,Ezequiel Schelotto\Ezequiel-Schelotto,it ITA,DF,Brighton,30,1989,4.0,6,5,4,1,1,0,5,0.0,5,47,14,29.8,26,14,7,7,0,0,7,7,13,17,0,Matches
416,Jeffrey Schlupp\Jeffrey-Schlupp,gh GHA,MFDF,Crystal Palace,26,1992,11.5,20,6,12,8,0,3,13,23.1,10,149,36,24.2,55,71,23,25,3,0,22,13,33,15,0,Matches
417,Kasper Schmeichel\Kasper-Schmeichel,dk DEN,GK,Leicester City,32,1986,38.0,0,0,0,0,0,0,1,0.0,1,5,2,40.0,5,0,0,0,0,0,0,0,0,0,1,Matches
418,Morgan Schneiderlin\Morgan-Schneiderlin,fr FRA,MF,Everton,29,1989,11.1,32,19,14,16,2,9,34,26.5,25,230,58,25.2,89,122,19,22,3,0,19,21,53,24,0,Matches
419,Ryan Sessegnon\Ryan-Sessegnon,eng ENG,DF,Tottenham,19,2000,3.8,5,0,2,3,0,2,5,40.0,3,51,11,21.6,21,19,11,4,0,0,4,1,6,15,0,Matches
420,Xherdan Shaqiri\Xherdan-Shaqiri,ch SUI,FW,Liverpool,27,1991,2.1,1,0,0,1,0,0,0,,0,39,12,30.8,11,13,15,1,0,0,1,0,1,0,0,Matches
421,Billy Sharp\Billy-Sharp,eng ENG,FW,Sheffield Utd,33,1986,11.7,9,5,3,2,4,1,4,25.0,3,217,55,25.3,16,91,110,4,0,0,4,1,10,1,0,Matches
422,Luke Shaw\Luke-Shaw,eng ENG,DF,Manchester Utd,24,1995,19.3,34,24,18,10,6,15,35,42.9,20,274,78,28.5,120,118,36,53,7,0,46,22,56,58,0,Matches
423,Jonjo Shelvey\Jonjo-Shelvey,eng ENG,MF,Newcastle Utd,27,1992,23.5,30,16,15,14,1,8,41,19.5,33,392,88,22.4,173,189,30,26,5,0,21,22,52,54,0,Matches
424,Djibril Sidibé\Djibril-Sidibe,fr FRA,DF,Everton,27,1992,20.3,84,40,48,21,15,34,72,47.2,38,392,114,29.1,200,130,62,37,3,0,34,41,125,50,0,Matches
425,Gylfi Sigurðsson\Gylfi-Sigurdsson,is ISL,MF,Everton,29,1989,28.4,60,45,15,31,14,24,88,27.3,64,652,165,25.3,158,348,146,49,5,0,44,36,96,16,1,Matches
426,Bernardo Silva\Bernardo-Silva,pt POR,FWMF,Manchester City,24,1994,22.6,39,26,15,14,10,15,49,30.6,34,408,124,30.4,63,179,166,36,1,0,35,26,65,11,0,Matches
427,David Silva\David-Silva,es ESP,MF,Manchester City,33,1986,20.3,26,16,3,14,9,10,26,38.5,16,302,96,31.8,32,150,120,21,4,0,17,12,38,7,1,Matches
428,Jack Simpson\Jack-Simpson,eng ENG,DF,Bournemouth,22,1997,2.7,5,2,5,0,0,2,6,33.3,4,32,4,12.5,17,13,2,2,0,0,2,2,7,13,1,Matches
429,Moussa Sissoko\Moussa-Sissoko,fr FRA,MF,Tottenham,29,1989,27.2,56,35,36,19,1,20,50,40.0,30,437,126,28.8,219,167,51,38,5,0,33,31,87,48,0,Matches
430,Oliver Skipp\Oliver-Skipp,eng ENG,MFDF,Tottenham,18,2000,0.9,3,2,1,2,0,1,2,50.0,1,31,6,19.4,14,14,3,3,1,0,2,0,3,0,0,Matches
431,William Smallbone\William-Smallbone,ie IRL,MF,Southampton,19,2000,4.4,12,8,3,8,1,4,12,33.3,8,72,27,37.5,13,30,29,10,1,0,9,2,14,3,0,Matches
432,Adam Smith\Adam-Smith,eng ENG,DF,Bournemouth,28,1991,22.8,52,30,32,15,5,24,54,44.4,30,406,111,27.3,182,155,69,56,6,1,50,25,77,53,0,Matches
433,Emile Smith-Rowe\Emile-Smith-Rowe,eng ENG,MF,Arsenal,19,2000,1.1,1,1,1,0,0,1,3,33.3,2,22,7,31.8,6,10,6,1,0,0,1,1,2,3,0,Matches
434,Robert Snodgrass\Robert-Snodgrass,sco SCO,MFFW,West Ham,31,1987,16.8,27,10,17,9,1,10,40,25.0,30,367,90,24.5,118,185,64,21,2,0,19,5,32,16,0,Matches
435,Cédric Soares\Cedric-Soares,pt POR,DF,Southampton,27,1991,14.5,46,24,22,21,3,18,38,47.4,20,298,92,30.9,144,114,40,37,4,0,33,18,64,59,0,Matches
436,Cédric Soares\Cedric-Soares,pt POR,DF,Arsenal,27,1991,2.8,6,5,2,4,0,2,5,40.0,3,55,15,27.3,23,26,6,10,0,0,10,3,9,2,0,Matches
437,Dominic Solanke\Dominic-Solanke,eng ENG,FWMF,Bournemouth,21,1997,18.3,11,10,2,9,0,3,27,11.1,24,643,151,23.5,84,319,240,19,5,0,14,8,19,21,0,Matches
438,Tomáš Souček\Tomas-Soucek,cz CZE,MF,West Ham,24,1995,11.6,35,25,15,17,3,5,19,26.3,14,240,77,32.1,96,102,42,16,3,0,13,22,57,38,0,Matches
439,Çağlar Söyüncü\Caglar-Soyuncu,tr TUR,DF,Leicester City,23,1996,33.7,73,47,49,23,1,29,55,52.7,26,298,119,39.9,188,102,8,49,19,2,30,43,116,222,1,Matches
440,Dennis Srbeny\Dennis-Srbeny,de GER,MFFW,Norwich City,25,1994,0.5,5,4,3,2,0,1,3,33.3,2,20,9,45.0,4,9,7,0,0,0,0,0,5,1,0,Matches
441,Jack Stacey\Jack-Stacey,eng ENG,DF,Bournemouth,23,1996,17.2,21,13,13,5,3,5,21,23.8,16,241,62,25.7,116,80,45,41,9,0,32,21,42,53,1,Matches
442,Junior Stanislas\Junior-Stanislas,eng ENG,MFDF,Bournemouth,29,1989,7.9,10,6,2,2,6,4,9,44.4,5,107,34,31.8,32,41,34,9,0,0,9,5,15,2,0,Matches
443,Jed Steer\Jed-Steer,eng ENG,GK,Aston Villa,26,1992,0.1,0,0,0,0,0,0,0,,0,0,0,,0,0,0,0,0,0,0,0,0,0,0,Matches
444,Dale Stephens\Dale-Stephens,eng ENG,MF,Brighton,30,1989,28.1,76,40,32,35,9,21,71,29.6,50,465,150,32.3,206,224,35,43,13,1,30,58,134,46,3,Matches
445,Jack Stephens\Jack-Stephens,eng ENG,DF,Southampton,25,1994,27.2,56,35,41,14,1,21,49,42.9,28,223,78,35.0,145,70,8,60,26,0,34,30,86,183,2,Matches
446,Raheem Sterling\Raheem-Sterling,eng ENG,FW,Manchester City,24,1994,29.5,41,29,8,19,14,10,33,30.3,23,412,132,32.0,67,177,168,25,3,0,22,14,55,8,0,Matches
447,Enda Stevens\Enda-Stevens,ie IRL,DF,Sheffield Utd,29,1990,37.2,76,43,43,25,8,24,74,32.4,50,609,162,26.6,277,225,107,76,6,0,70,36,112,89,2,Matches
448,Marco Stiepermann\Marco-Stiepermann,de GER,MF,Norwich City,28,1991,13.1,18,7,9,7,2,6,22,27.3,16,257,53,20.6,47,132,78,15,4,0,11,5,23,16,0,Matches
449,John Stones\John-Stones,eng ENG,DF,Manchester City,25,1994,12.5,19,12,10,7,2,4,8,50.0,4,90,39,43.3,47,38,5,15,3,0,12,8,27,38,1,Matches
450,Isaac Success\Isaac-Success,ng NGA,FWMF,Watford,23,1996,0.8,0,0,0,0,0,0,0,,0,14,2,14.3,0,3,11,0,0,0,0,1,1,0,0,Matches
451,Ki Sung-yueng\Ki-Sung-yueng,kr KOR,MF,Newcastle Utd,30,1989,1.5,1,1,1,0,0,0,2,0.0,2,39,4,10.3,21,15,3,1,0,0,1,2,3,3,0,Matches
452,Andrew Surman\Andrew-Surman,eng ENG,MF,Bournemouth,32,1986,2.6,5,2,2,3,0,3,4,75.0,1,45,11,24.4,19,20,6,4,0,0,4,1,6,6,0,Matches
453,Sam Surridge\Sam-Surridge,eng ENG,FW,Bournemouth,21,1998,0.3,0,0,0,0,0,0,0,,0,17,3,17.6,0,8,9,1,0,0,1,1,1,0,0,Matches
454,Japhet Tanganga\Japhet-Tanganga,eng ENG,DF,Tottenham,20,1999,5.8,20,15,14,5,1,9,19,47.4,10,95,30,31.6,52,38,5,12,5,1,7,11,31,33,1,Matches
455,Matt Targett\Matt-Targett,eng ENG,DF,Aston Villa,23,1995,25.5,57,33,38,16,3,20,56,35.7,36,372,109,29.3,184,145,43,68,9,0,59,60,117,88,1,Matches
456,James Tarkowski\James-Tarkowski,eng ENG,DF,Burnley,26,1992,38.0,76,51,54,22,0,25,50,50.0,25,313,100,31.9,217,84,12,85,46,0,39,61,137,329,1,Matches
457,Charlie Taylor\Charlie-Taylor,eng ENG,DF,Burnley,25,1993,21.6,43,16,26,14,3,17,43,39.5,26,224,65,29.0,117,79,28,60,7,0,53,29,72,106,1,Matches
458,Neil Taylor\Neil-Taylor,wal WAL,DF,Aston Villa,30,1989,12.1,19,9,14,5,0,9,21,42.9,12,121,33,27.3,61,53,7,38,5,0,33,20,39,32,0,Matches
459,Nathan Tella\Nathan-Tella,eng ENG,FW,Southampton,20,1999,0.0,0,0,0,0,0,0,0,,0,2,0,0.0,0,1,1,0,0,0,0,0,0,0,0,Matches
460,Alexander Tettey\Alexander-Tettey,no NOR,MFDF,Norwich City,33,1986,26.0,31,20,11,18,2,12,43,27.9,31,383,98,25.6,182,179,22,40,15,0,25,43,74,85,0,Matches
461,Jordan Thomas\Jordan-Thomas,eng ENG,FW,Norwich City,,,0.0,0,0,0,0,0,0,0,,0,0,0,,0,0,0,0,0,0,0,0,0,0,0,Matches
462,Luke Thomas\Luke-Thomas,eng ENG,DF,Leicester City,,,3.0,4,3,2,2,0,1,4,25.0,3,36,8,22.2,13,17,6,3,0,0,3,4,8,10,0,Matches
463,Max Thompson\Max-Thompson,eng ENG,FW,Burnley,17,2002,0.0,0,0,0,0,0,0,0,,0,0,0,,0,0,0,0,0,0,0,0,0,0,0,Matches
464,Youri Tielemans\Youri-Tielemans,be BEL,MF,Leicester City,22,1997,31.4,57,40,18,28,11,15,71,21.1,56,608,168,27.6,155,327,126,51,6,0,45,29,86,24,0,Matches
465,Kieran Tierney\Kieran-Tierney,sco SCO,DF,Arsenal,22,1997,11.0,21,11,12,5,4,10,15,66.7,5,126,39,31.0,62,51,13,22,4,0,18,9,30,44,0,Matches
466,James Tomkins\James-Tomkins,eng ENG,DF,Crystal Palace,30,1989,17.6,30,14,23,7,0,12,18,66.7,6,138,45,32.6,98,35,5,33,15,0,18,23,53,138,0,Matches
467,Fikayo Tomori\Fikayo-Tomori,eng ENG,DF,Chelsea,21,1997,14.3,30,15,19,10,1,7,13,53.8,6,149,48,32.2,82,64,3,29,9,0,20,20,50,93,2,Matches
468,Lucas Torreira\Lucas-Torreira,uy URU,MF,Arsenal,23,1996,16.8,37,24,17,16,4,12,34,35.3,22,403,102,25.3,156,200,47,29,9,0,20,31,68,30,1,Matches
469,Cenk Tosun\Cenk-Tosun,tr TUR,FW,Crystal Palace,28,1991,2.0,2,2,2,0,0,0,0,,0,70,11,15.7,16,41,13,3,0,0,3,0,2,1,0,Matches
470,Cenk Tosun\Cenk-Tosun,tr TUR,FW,Everton,28,1991,3.2,2,0,0,0,2,0,2,0.0,2,54,16,29.6,1,21,32,2,1,0,1,0,2,1,0,Matches
471,Andros Townsend\Andros-Townsend,eng ENG,MF,Crystal Palace,28,1991,14.4,32,20,14,13,5,14,36,38.9,22,290,65,22.4,104,126,60,28,0,0,28,16,48,10,0,Matches
472,Adama Traoré\Adama-Traore,es ESP,FWMF,Wolves,23,1996,28.9,41,23,15,14,12,10,27,37.0,17,404,108,26.7,98,198,108,28,4,0,24,18,59,24,0,Matches
473,Mark Travers\Mark-Travers,ie IRL,GK,Bournemouth,20,1999,1.0,0,0,0,0,0,0,0,,0,0,0,,0,0,0,0,0,0,0,0,0,0,1,Matches
474,Trézéguet\Trezeguet,eg EGY,FWMF,Aston Villa,24,1994,21.7,42,28,20,14,8,7,42,16.7,35,530,129,24.3,163,231,136,41,2,0,39,26,68,17,0,Matches
475,Leandro Trossard\Leandro-Trossard,be BEL,FWMF,Brighton,24,1994,22.3,28,16,13,12,3,9,39,23.1,30,373,100,26.8,72,169,132,29,2,0,27,8,36,5,0,Matches
476,Tom Trybull\Tom-Trybull,de GER,MF,Norwich City,26,1993,12.6,49,30,26,18,5,18,66,27.3,48,394,113,28.7,175,202,17,21,7,0,14,16,65,38,0,Matches
477,Axel Tuanzebe\Axel-Tuanzebe,eng ENG,DF,Manchester Utd,21,1997,2.1,3,3,0,3,0,0,1,0.0,1,30,8,26.7,12,14,4,7,0,0,7,5,8,6,1,Matches
478,Yan Valery\Yan-Valery,fr FRA,DF,Southampton,20,1999,8.7,21,13,12,6,3,5,20,25.0,15,171,49,28.7,84,52,35,19,2,0,17,12,33,40,2,Matches
479,Jesús Vallejo\Jesus-Vallejo,es ESP,DF,Wolves,22,1997,1.8,4,3,4,0,0,1,3,33.3,2,20,6,30.0,8,10,2,4,3,0,1,1,5,13,0,Matches
480,Jamie Vardy\Jamie-Vardy,eng ENG,FW,Leicester City,32,1987,33.7,17,11,1,10,6,1,6,16.7,5,497,146,29.4,5,183,309,29,5,0,24,2,19,23,0,Matches
481,Indiana Vassilev\Indiana-Vassilev,us USA,FWMF,Aston Villa,18,2001,0.6,1,1,0,1,0,0,1,0.0,1,24,7,29.2,3,7,14,0,0,0,0,0,1,0,0,Matches
482,Jan Vertonghen\Jan-Vertonghen,be BEL,DF,Tottenham,32,1987,18.3,31,21,17,13,1,10,20,50.0,10,154,51,33.1,98,49,7,30,10,0,20,31,62,116,0,Matches
483,Jannik Vestergaard\Jannik-Vestergaard,dk DEN,DF,Southampton,26,1992,16.6,25,12,19,5,1,8,28,28.6,20,134,49,36.6,86,45,3,22,9,0,13,24,49,163,1,Matches
484,Rúben Vinagre\Ruben-Vinagre,pt POR,DF,Wolves,20,1999,7.2,25,13,18,5,2,11,16,68.8,5,117,38,32.5,59,47,11,20,2,0,18,8,33,20,0,Matches
485,Jake Vokins\Jake-Vokins,eng ENG,DF,Southampton,19,2000,1.0,2,0,1,1,0,1,1,100.0,0,13,6,46.2,4,5,4,1,0,0,1,0,2,1,0,Matches
486,Mario Vrančić\Mario-Vrancic,ba BIH,MF,Norwich City,30,1989,7.1,27,14,13,13,1,13,27,48.1,14,132,31,23.5,60,51,21,14,1,0,13,8,35,7,1,Matches
487,Matěj Vydra\Matej-Vydra,cz CZE,FW,Burnley,27,1992,9.1,4,2,1,2,1,2,6,33.3,4,184,47,25.5,16,65,103,12,3,0,9,1,5,7,0,Matches
488,Theo Walcott\Theo-Walcott,eng ENG,MFFW,Everton,30,1989,14.3,17,8,10,5,2,5,14,35.7,9,190,46,24.2,53,85,52,18,1,0,17,8,25,5,0,Matches
489,Kyle Walker\Kyle-Walker,eng ENG,DF,Manchester City,29,1990,26.6,33,23,14,17,2,19,33,57.6,14,256,101,39.5,93,119,44,31,6,1,25,29,62,64,0,Matches
490,Kyle Walker-Peters\Kyle-Walker-Peters,eng ENG,DF,Tottenham,22,1997,2.7,5,3,5,0,0,1,5,20.0,4,36,12,33.3,19,11,6,6,2,0,4,2,7,9,0,Matches
491,Kyle Walker-Peters\Kyle-Walker-Peters,eng ENG,DF,Southampton,22,1997,7.8,14,8,8,4,2,7,21,33.3,14,98,29,29.6,41,46,11,24,3,0,21,13,27,28,1,Matches
492,Aaron Wan-Bissaka\Aaron-Wan-Bissaka,eng ENG,DF,Manchester Utd,21,1997,34.1,138,65,82,48,8,45,73,61.6,28,611,176,28.8,304,228,79,101,14,0,87,65,203,108,0,Matches
493,Victor Wanyama\Victor-Wanyama,ke KEN,MF,Tottenham,28,1991,0.3,1,0,0,1,0,0,0,,0,6,0,0.0,2,3,1,0,0,0,0,0,1,1,0,Matches
494,Joel Ward\Joel-Ward,eng ENG,DF,Crystal Palace,29,1989,26.5,67,31,44,18,5,28,54,51.9,26,318,84,26.4,198,87,33,46,4,1,42,52,119,106,1,Matches
495,James Ward-Prowse\James-Ward-Prowse,eng ENG,MFDF,Southampton,24,1994,38.0,95,56,31,52,12,37,105,35.2,68,826,244,29.5,286,409,131,67,14,0,53,54,149,109,2,Matches
496,Kelland Watts\Kelland-Watts,eng ENG,DF,Newcastle Utd,19,1999,0.2,1,0,1,0,0,1,1,100.0,0,0,0,,0,0,0,0,0,0,0,0,1,0,0,Matches
497,Adam Webster\Adam-Webster,eng ENG,DF,Brighton,24,1995,29.6,37,25,25,10,2,16,36,44.4,20,222,86,38.7,146,67,9,66,31,0,35,43,80,182,3,Matches
498,Danny Welbeck\Danny-Welbeck,eng ENG,FWMF,Watford,28,1990,9.1,10,9,4,5,1,1,11,9.1,10,163,52,31.9,33,72,58,12,2,0,10,5,15,6,0,Matches
499,Ashley Westwood\Ashley-Westwood,eng ENG,MF,Burnley,29,1990,35.0,49,31,18,23,8,17,59,28.8,42,609,152,25.0,204,309,96,45,9,0,36,32,81,32,1,Matches
500,Connor Wickham\Connor-Wickham,eng ENG,FWMF,Crystal Palace,26,1993,1.1,2,2,1,1,0,0,0,,0,28,10,35.7,3,13,12,3,1,0,2,0,2,1,0,Matches
501,Georginio Wijnaldum\Georginio-Wijnaldum,nl NED,MF,Liverpool,28,1990,32.6,37,29,13,17,7,5,34,14.7,29,489,160,32.7,126,255,108,35,4,0,31,18,55,34,1,Matches
502,Jetro Willems\Jetro-Willems,nl NED,DF,Newcastle Utd,25,1994,16.6,32,19,27,4,1,10,32,31.3,22,230,65,28.3,140,66,24,32,7,0,25,16,48,49,0,Matches
503,Brandon Williams\Brandon-Williams,eng ENG,DF,Manchester Utd,18,2000,11.2,19,5,12,5,2,8,28,28.6,20,166,40,24.1,74,63,29,36,6,0,30,11,30,23,0,Matches
504,Neco Williams\Neco-Williams,wal WAL,DF,Liverpool,18,2001,2.6,6,2,1,3,2,3,4,75.0,1,36,12,33.3,11,15,10,7,1,0,6,8,14,8,0,Matches
505,Willian\Willian,br BRA,FW,Chelsea,30,1988,28.9,43,27,13,22,8,11,51,21.6,40,529,150,28.4,98,261,170,22,1,0,21,20,63,11,0,Matches
506,Joe Willock\Joe-Willock,eng ENG,MFFW,Arsenal,19,1999,9.5,22,15,6,10,6,4,20,20.0,16,242,67,27.7,76,128,38,19,5,1,14,3,25,12,0,Matches
507,Jack Wilshere\Jack-Wilshere,eng ENG,MF,West Ham,27,1992,2.4,1,0,0,1,0,1,6,16.7,5,63,21,33.3,15,34,14,6,0,0,6,1,2,1,0,Matches
508,Callum Wilson\Callum-Wilson,eng ENG,FW,Bournemouth,27,1992,32.3,15,12,2,6,7,1,14,7.1,13,770,206,26.8,53,323,394,18,2,0,16,3,18,15,0,Matches
509,Harry Wilson\Harry-Wilson,wal WAL,MFFW,Bournemouth,22,1997,18.3,25,11,7,12,6,13,36,36.1,23,411,96,23.4,135,193,83,38,3,0,35,12,37,21,0,Matches
510,Harry Winks\Harry-Winks,eng ENG,MF,Tottenham,23,1996,24.7,42,23,19,21,2,19,59,32.2,40,435,130,29.9,196,202,37,31,9,0,22,37,79,33,0,Matches
511,Chris Wood\Chris-Wood,nz NZL,FW,Burnley,27,1991,27.1,9,6,1,3,5,4,18,22.2,14,408,92,22.5,23,151,234,18,4,0,14,4,13,17,0,Matches
512,Granit Xhaka\Granit-Xhaka,ch SUI,MF,Arsenal,26,1992,28.7,46,27,27,15,4,18,55,32.7,37,433,126,29.1,157,232,44,55,17,1,38,21,67,85,0,Matches
513,Andriy Yarmolenko\Andriy-Yarmolenko,ua UKR,MFFW,West Ham,29,1989,11.0,15,10,7,7,1,5,21,23.8,16,167,46,27.5,41,76,50,8,1,0,7,6,21,6,0,Matches
514,DeAndre Yedlin\DeAndre-Yedlin,us USA,DF,Newcastle Utd,26,1993,10.4,19,14,13,5,1,4,12,33.3,8,181,38,21.0,97,49,35,26,8,2,18,9,28,21,0,Matches
515,Maya Yoshida\Maya-Yoshida,jp JPN,DF,Southampton,30,1988,6.2,7,5,4,0,3,2,6,33.3,4,43,12,27.9,27,16,0,11,4,0,7,3,10,41,1,Matches
516,Ashley Young\Ashley-Young,eng ENG,DF,Manchester Utd,34,1985,10.6,10,4,4,3,3,2,21,9.5,19,119,35,29.4,47,57,15,24,2,0,22,10,20,30,0,Matches
517,Pablo Zabaleta\Pablo-Zabaleta,ar ARG,DF,West Ham,34,1985,6.6,15,10,9,5,1,4,15,26.7,11,93,27,29.0,53,25,15,16,3,0,13,13,28,20,0,Matches
518,Wilfried Zaha\Wilfried-Zaha,ci CIV,MFFW,Crystal Palace,26,1992,36.4,45,31,16,15,14,10,45,22.2,35,813,237,29.2,230,343,240,33,2,0,31,16,61,4,0,Matches
519,Christoph Zimmermann\Christoph-Zimmermann,de GER,DF,Norwich City,26,1993,15.9,31,21,23,7,1,16,25,64.0,9,123,38,30.9,92,30,1,33,23,1,10,18,49,123,1,Matches
520,Oleksandr Zinchenko\Oleksandr-Zinchenko,ua UKR,DF,Manchester City,22,1996,14.2,28,16,15,11,2,17,39,43.6,22,139,45,32.4,45,57,37,20,0,0,20,15,43,36,1,Matches
521,Richairo Živković\Richairo-Zivkovic,nl NED,FW,Sheffield Utd,22,1996,1.2,2,2,0,2,0,0,1,0.0,1,39,13,33.3,2,17,20,1,0,0,1,0,2,0,0,Matches
522,Kurt Zouma\Kurt-Zouma,fr FRA,DF,Chelsea,24,1994,26.0,33,17,25,8,0,3,8,37.5,5,177,55,31.1,102,72,3,34,16,0,18,55,88,181,3,Matches